category,image,region,channel,n,mean,median,std,p10,p50,p90
potato_early_blight,00d8f10f-5038-4e0f-bb58-0b885ddc0cc5___RS_Early.B 8722.JPG,leaf,H,39619,79.15699538100407,81.0,10.35565274976186,69.0,81.0,86.0
potato_early_blight,00d8f10f-5038-4e0f-bb58-0b885ddc0cc5___RS_Early.B 8722.JPG,leaf,S,39619,66.70317272015951,65.0,16.424408917482435,51.0,65.0,86.0
potato_early_blight,00d8f10f-5038-4e0f-bb58-0b885ddc0cc5___RS_Early.B 8722.JPG,leaf,V,39619,115.6373457179636,119.0,22.88361850853605,82.0,119.0,142.0
potato_early_blight,00d8f10f-5038-4e0f-bb58-0b885ddc0cc5___RS_Early.B 8722.JPG,lesion_proxy,H,4717,87.67670129319482,87.0,21.064786792823693,85.0,87.0,92.0
potato_early_blight,00d8f10f-5038-4e0f-bb58-0b885ddc0cc5___RS_Early.B 8722.JPG,lesion_proxy,S,4717,50.839728641085436,56.0,18.22921237388025,18.0,56.0,68.0
potato_early_blight,00d8f10f-5038-4e0f-bb58-0b885ddc0cc5___RS_Early.B 8722.JPG,lesion_proxy,V,4717,121.69705321178715,124.0,22.601768946623768,100.0,124.0,146.0
potato_early_blight,02578b86-b234-4ac0-9bc3-691b5610e2bf___RS_Early.B 7562.JPG,leaf,H,34229,45.90496362733355,48.0,10.3867791252982,37.0,48.0,53.0
potato_early_blight,02578b86-b234-4ac0-9bc3-691b5610e2bf___RS_Early.B 7562.JPG,leaf,S,34229,88.3747991469222,77.0,40.96394342602967,52.0,77.0,138.0
potato_early_blight,02578b86-b234-4ac0-9bc3-691b5610e2bf___RS_Early.B 7562.JPG,leaf,V,34229,129.58871132665283,138.0,33.060416577752086,81.0,138.0,164.0
potato_early_blight,02578b86-b234-4ac0-9bc3-691b5610e2bf___RS_Early.B 7562.JPG,lesion_proxy,H,3333,25.63846384638464,23.0,21.234940474372962,9.0,23.0,43.0
potato_early_blight,02578b86-b234-4ac0-9bc3-691b5610e2bf___RS_Early.B 7562.JPG,lesion_proxy,S,3333,75.14431443144315,58.0,53.87117119328404,34.0,58.0,185.0
potato_early_blight,02578b86-b234-4ac0-9bc3-691b5610e2bf___RS_Early.B 7562.JPG,lesion_proxy,V,3333,95.38763876387638,101.0,35.09982836154933,37.0,101.0,132.0
potato_early_blight,065fc68f-88c9-4fc3-b0a6-a6f5e1072eaa___RS_Early.B 7174.JPG,leaf,H,37607,43.97723828010743,45.0,5.4715777918739095,38.0,45.0,49.0
potato_early_blight,065fc68f-88c9-4fc3-b0a6-a6f5e1072eaa___RS_Early.B 7174.JPG,leaf,S,37607,94.67915547637408,91.0,26.63653913043773,66.0,91.0,129.0
potato_early_blight,065fc68f-88c9-4fc3-b0a6-a6f5e1072eaa___RS_Early.B 7174.JPG,leaf,V,37607,138.90778312548196,141.0,20.54531021671257,113.0,141.0,163.0
potato_early_blight,065fc68f-88c9-4fc3-b0a6-a6f5e1072eaa___RS_Early.B 7174.JPG,lesion_proxy,H,1641,26.525898842169408,28.0,6.605961395534935,16.0,28.0,34.0
potato_early_blight,065fc68f-88c9-4fc3-b0a6-a6f5e1072eaa___RS_Early.B 7174.JPG,lesion_proxy,S,1641,82.73187081048141,79.0,31.05951534871237,47.0,79.0,123.0
potato_early_blight,065fc68f-88c9-4fc3-b0a6-a6f5e1072eaa___RS_Early.B 7174.JPG,lesion_proxy,V,1641,118.60024375380866,119.0,28.734742234360414,83.0,119.0,155.0
potato_early_blight,13cfb9dc-8951-44c0-8c16-e96fd6ccc659___RS_Early.B 7070.JPG,leaf,H,33180,39.81422543701025,41.0,7.602537736570429,34.0,41.0,46.0
potato_early_blight,13cfb9dc-8951-44c0-8c16-e96fd6ccc659___RS_Early.B 7070.JPG,leaf,S,33180,99.0507233273056,94.0,36.14953523780892,58.0,94.0,149.0
potato_early_blight,13cfb9dc-8951-44c0-8c16-e96fd6ccc659___RS_Early.B 7070.JPG,leaf,V,33180,145.85409885473177,151.0,29.907140136091645,111.0,151.0,177.0
potato_early_blight,13cfb9dc-8951-44c0-8c16-e96fd6ccc659___RS_Early.B 7070.JPG,lesion_proxy,H,3788,26.39361140443506,27.0,14.209606465037382,15.0,27.0,34.0
potato_early_blight,13cfb9dc-8951-44c0-8c16-e96fd6ccc659___RS_Early.B 7070.JPG,lesion_proxy,S,3788,86.25818373812038,82.0,32.84458899848558,47.0,82.0,132.0
potato_early_blight,13cfb9dc-8951-44c0-8c16-e96fd6ccc659___RS_Early.B 7070.JPG,lesion_proxy,V,3788,122.35031678986273,129.0,43.283977106246475,55.0,129.0,172.0
potato_early_blight,1b4304a9-88c2-4c09-bfea-830fa162a35a___RS_Early.B 7188.JPG,leaf,H,39094,44.18012994321379,46.0,9.128614288990352,34.0,46.0,53.0
potato_early_blight,1b4304a9-88c2-4c09-bfea-830fa162a35a___RS_Early.B 7188.JPG,leaf,S,39094,78.78265206937125,66.0,40.392539870553904,45.0,66.0,131.0
potato_early_blight,1b4304a9-88c2-4c09-bfea-830fa162a35a___RS_Early.B 7188.JPG,leaf,V,39094,148.42589655701642,158.0,33.93075338887341,98.0,158.0,182.0
potato_early_blight,1b4304a9-88c2-4c09-bfea-830fa162a35a___RS_Early.B 7188.JPG,lesion_proxy,H,4288,23.97527985074627,24.0,8.878866874434056,12.0,24.0,34.0
potato_early_blight,1b4304a9-88c2-4c09-bfea-830fa162a35a___RS_Early.B 7188.JPG,lesion_proxy,S,4288,70.41674440298507,60.0,35.46859907013671,41.0,60.0,109.0
potato_early_blight,1b4304a9-88c2-4c09-bfea-830fa162a35a___RS_Early.B 7188.JPG,lesion_proxy,V,4288,134.0048973880597,142.0,39.85070347476316,75.0,142.0,179.0
potato_early_blight,1f80f111-6a3e-4dfc-8456-0f3e9a19ae10___RS_Early.B 6879.JPG,leaf,H,33924,45.02670675627874,46.0,5.5478054557032905,40.0,46.0,50.0
potato_early_blight,1f80f111-6a3e-4dfc-8456-0f3e9a19ae10___RS_Early.B 6879.JPG,leaf,S,33924,88.5538261997406,84.0,26.596023141088825,58.0,84.0,125.0
potato_early_blight,1f80f111-6a3e-4dfc-8456-0f3e9a19ae10___RS_Early.B 6879.JPG,leaf,V,33924,137.55547694847306,141.0,23.416902702225936,107.0,141.0,165.0
potato_early_blight,1f80f111-6a3e-4dfc-8456-0f3e9a19ae10___RS_Early.B 6879.JPG,lesion_proxy,H,1350,25.58888888888889,27.0,7.129637325633173,15.0,27.0,33.0
potato_early_blight,1f80f111-6a3e-4dfc-8456-0f3e9a19ae10___RS_Early.B 6879.JPG,lesion_proxy,S,1350,78.93629629629629,76.0,27.056600775815095,46.0,76.0,113.0
potato_early_blight,1f80f111-6a3e-4dfc-8456-0f3e9a19ae10___RS_Early.B 6879.JPG,lesion_proxy,V,1350,115.26296296296296,114.0,28.36233350045833,80.0,114.0,153.0
potato_early_blight,2639ad26-c7e9-4bd6-8000-c002f676a4c6___RS_Early.B 7150.JPG,leaf,H,24292,41.01156759426972,41.0,4.383346051180186,37.0,41.0,46.0
potato_early_blight,2639ad26-c7e9-4bd6-8000-c002f676a4c6___RS_Early.B 7150.JPG,leaf,S,24292,129.33122015478347,120.5,40.40961488611718,84.0,120.5,191.0
potato_early_blight,2639ad26-c7e9-4bd6-8000-c002f676a4c6___RS_Early.B 7150.JPG,leaf,V,24292,137.20945167133212,145.0,34.474346730460674,85.0,145.0,178.0
potato_early_blight,2639ad26-c7e9-4bd6-8000-c002f676a4c6___RS_Early.B 7150.JPG,lesion_proxy,H,579,24.713298791019,25.0,8.546167176063477,14.0,25.0,34.0
potato_early_blight,2639ad26-c7e9-4bd6-8000-c002f676a4c6___RS_Early.B 7150.JPG,lesion_proxy,S,579,119.44214162348878,116.0,29.31847672166366,87.0,116.0,158.0
potato_early_blight,2639ad26-c7e9-4bd6-8000-c002f676a4c6___RS_Early.B 7150.JPG,lesion_proxy,V,579,80.95164075993091,68.0,36.558294375367936,45.0,68.0,143.0
potato_early_blight,2771e005-3cb4-4e12-8868-80adca5ce02a___RS_Early.B 8640.JPG,leaf,H,40807,40.93439851005955,42.0,5.851490729295231,36.0,42.0,45.0
potato_early_blight,2771e005-3cb4-4e12-8868-80adca5ce02a___RS_Early.B 8640.JPG,leaf,S,40807,87.86833141372804,87.0,18.83578547955857,65.0,87.0,110.0
potato_early_blight,2771e005-3cb4-4e12-8868-80adca5ce02a___RS_Early.B 8640.JPG,leaf,V,40807,145.31232386600337,148.0,17.016143998400697,126.0,148.0,163.0
potato_early_blight,2771e005-3cb4-4e12-8868-80adca5ce02a___RS_Early.B 8640.JPG,lesion_proxy,H,3214,25.231798382078406,27.0,8.659541036694455,14.0,27.0,34.0
potato_early_blight,2771e005-3cb4-4e12-8868-80adca5ce02a___RS_Early.B 8640.JPG,lesion_proxy,S,3214,66.30896079651525,65.0,16.298573489724692,48.0,65.0,87.0
potato_early_blight,2771e005-3cb4-4e12-8868-80adca5ce02a___RS_Early.B 8640.JPG,lesion_proxy,V,3214,139.32514001244556,139.0,17.85068426284645,117.0,139.0,162.0
potato_early_blight,2d344be7-2d5f-4d27-aeb2-b92c8191b877___RS_Early.B 7173.JPG,leaf,H,34094,38.137942159910835,40.0,6.84415394238966,31.0,40.0,43.0
potato_early_blight,2d344be7-2d5f-4d27-aeb2-b92c8191b877___RS_Early.B 7173.JPG,leaf,S,34094,105.18956414618408,100.0,31.502836263448007,71.0,100.0,145.0
potato_early_blight,2d344be7-2d5f-4d27-aeb2-b92c8191b877___RS_Early.B 7173.JPG,leaf,V,34094,148.2369625153986,154.0,27.84103983590882,117.0,154.0,176.0
potato_early_blight,2d344be7-2d5f-4d27-aeb2-b92c8191b877___RS_Early.B 7173.JPG,lesion_proxy,H,4791,25.05635566687539,26.0,9.78639303411787,12.0,26.0,34.0
potato_early_blight,2d344be7-2d5f-4d27-aeb2-b92c8191b877___RS_Early.B 7173.JPG,lesion_proxy,S,4791,83.2646629096222,77.0,31.628084266135584,56.0,77.0,114.0
potato_early_blight,2d344be7-2d5f-4d27-aeb2-b92c8191b877___RS_Early.B 7173.JPG,lesion_proxy,V,4791,135.86265915257775,143.0,34.327014158044,98.0,143.0,170.0
potato_early_blight,33019904-ac3b-4083-a192-ce4092758ddd___RS_Early.B 8344.JPG,leaf,H,37507,41.324579411843125,42.0,5.8949092626405895,36.0,42.0,47.0
potato_early_blight,33019904-ac3b-4083-a192-ce4092758ddd___RS_Early.B 8344.JPG,leaf,S,37507,89.84325592556056,82.0,32.54906262295652,60.0,82.0,130.0
potato_early_blight,33019904-ac3b-4083-a192-ce4092758ddd___RS_Early.B 8344.JPG,leaf,V,37507,121.88743434558883,126.0,27.623826052858302,84.0,126.0,153.0
potato_early_blight,33019904-ac3b-4083-a192-ce4092758ddd___RS_Early.B 8344.JPG,lesion_proxy,H,2934,26.83503749147921,28.0,7.4116049257418934,17.0,28.0,34.0
potato_early_blight,33019904-ac3b-4083-a192-ce4092758ddd___RS_Early.B 8344.JPG,lesion_proxy,S,2934,83.55112474437628,76.0,32.830480247710014,53.0,76.0,119.0
potato_early_blight,33019904-ac3b-4083-a192-ce4092758ddd___RS_Early.B 8344.JPG,lesion_proxy,V,2934,118.45126107702795,125.0,33.32270040193371,77.0,125.0,154.0
potato_early_blight,349730da-a627-4da6-90d5-707c4a3dba88___RS_Early.B 7553.JPG,leaf,H,36161,57.48237050966511,61.0,12.200033741585042,44.0,61.0,68.0
potato_early_blight,349730da-a627-4da6-90d5-707c4a3dba88___RS_Early.B 7553.JPG,leaf,S,36161,72.54074832001328,69.0,21.859657933881856,49.0,69.0,100.0
potato_early_blight,349730da-a627-4da6-90d5-707c4a3dba88___RS_Early.B 7553.JPG,leaf,V,36161,94.74843062968391,95.0,18.678758149648473,71.0,95.0,118.0
potato_early_blight,349730da-a627-4da6-90d5-707c4a3dba88___RS_Early.B 7553.JPG,lesion_proxy,H,2042,19.599902056807053,18.0,9.353701598026436,10.0,18.0,32.0
potato_early_blight,349730da-a627-4da6-90d5-707c4a3dba88___RS_Early.B 7553.JPG,lesion_proxy,S,2042,51.12977473065622,48.0,18.220767844696642,33.0,48.0,71.0
potato_early_blight,349730da-a627-4da6-90d5-707c4a3dba88___RS_Early.B 7553.JPG,lesion_proxy,V,2042,98.55337904015671,98.0,21.465398000151506,74.0,98.0,127.0
potato_early_blight,40d1ccba-b047-4f89-b469-af79bc233524___RS_Early.B 7006.JPG,leaf,H,24878,41.44521263767184,41.0,6.382723563986293,36.0,41.0,48.0
potato_early_blight,40d1ccba-b047-4f89-b469-af79bc233524___RS_Early.B 7006.JPG,leaf,S,24878,97.7619583567811,85.0,45.37893278487432,54.0,85.0,167.0
potato_early_blight,40d1ccba-b047-4f89-b469-af79bc233524___RS_Early.B 7006.JPG,leaf,V,24878,140.8105957070504,149.0,36.37779514621248,86.0,149.0,179.0
potato_early_blight,40d1ccba-b047-4f89-b469-af79bc233524___RS_Early.B 7006.JPG,lesion_proxy,H,1726,25.794901506373115,27.0,7.818308841935627,15.0,27.0,34.0
potato_early_blight,40d1ccba-b047-4f89-b469-af79bc233524___RS_Early.B 7006.JPG,lesion_proxy,S,1726,78.48088064889919,71.0,33.133835047405476,50.0,71.0,111.0
potato_early_blight,40d1ccba-b047-4f89-b469-af79bc233524___RS_Early.B 7006.JPG,lesion_proxy,V,1726,130.93279258400926,133.5,33.297529859596516,99.0,133.5,168.0
potato_early_blight,41cc6e70-9745-413d-b13d-c4775bcdfa7c___RS_Early.B 7610.JPG,leaf,H,35799,60.62976619458644,64.0,13.487870449701903,45.0,64.0,72.0
potato_early_blight,41cc6e70-9745-413d-b13d-c4775bcdfa7c___RS_Early.B 7610.JPG,leaf,S,35799,63.231570714265764,62.0,17.139439668659286,43.0,62.0,84.0
potato_early_blight,41cc6e70-9745-413d-b13d-c4775bcdfa7c___RS_Early.B 7610.JPG,leaf,V,35799,116.76996564149836,117.0,18.12338617294952,95.0,117.0,139.0
potato_early_blight,41cc6e70-9745-413d-b13d-c4775bcdfa7c___RS_Early.B 7610.JPG,lesion_proxy,H,2195,22.05603644646925,18.0,16.192775288195016,8.0,18.0,39.0
potato_early_blight,41cc6e70-9745-413d-b13d-c4775bcdfa7c___RS_Early.B 7610.JPG,lesion_proxy,S,2195,41.14259681093394,39.0,14.299598847427415,26.0,39.0,58.0
potato_early_blight,41cc6e70-9745-413d-b13d-c4775bcdfa7c___RS_Early.B 7610.JPG,lesion_proxy,V,2195,112.5621867881549,113.0,18.96828982560533,90.0,113.0,134.0
potato_early_blight,43ddad18-d70a-49d3-97d6-9a5f82ddeecd___RS_Early.B 9069.JPG,leaf,H,26085,38.715545332566606,40.0,6.166296026351182,35.0,40.0,44.0
potato_early_blight,43ddad18-d70a-49d3-97d6-9a5f82ddeecd___RS_Early.B 9069.JPG,leaf,S,26085,98.12114241901476,94.0,31.949962790131934,61.0,94.0,142.0
potato_early_blight,43ddad18-d70a-49d3-97d6-9a5f82ddeecd___RS_Early.B 9069.JPG,leaf,V,26085,136.796856430899,140.0,24.529377099597976,103.0,140.0,166.0
potato_early_blight,43ddad18-d70a-49d3-97d6-9a5f82ddeecd___RS_Early.B 9069.JPG,lesion_proxy,H,2525,23.32752475247525,24.0,7.746788207800444,13.0,24.0,34.0
potato_early_blight,43ddad18-d70a-49d3-97d6-9a5f82ddeecd___RS_Early.B 9069.JPG,lesion_proxy,S,2525,71.26693069306931,68.0,24.608201874380136,42.0,68.0,105.0
potato_early_blight,43ddad18-d70a-49d3-97d6-9a5f82ddeecd___RS_Early.B 9069.JPG,lesion_proxy,V,2525,138.42336633663368,141.0,30.00590319073132,98.0,141.0,175.0
potato_early_blight,454203b9-0376-4db3-92ed-047545daa7c6___RS_Early.B 6953.JPG,leaf,H,5206,37.39819439108721,37.0,1.716876470534263,35.0,37.0,40.0
potato_early_blight,454203b9-0376-4db3-92ed-047545daa7c6___RS_Early.B 6953.JPG,leaf,S,5206,125.09585094122167,119.0,27.86157943480012,97.0,119.0,166.0
potato_early_blight,454203b9-0376-4db3-92ed-047545daa7c6___RS_Early.B 6953.JPG,leaf,V,5206,153.71417595082596,158.0,21.992693814465575,127.0,158.0,177.0
potato_early_blight,454203b9-0376-4db3-92ed-047545daa7c6___RS_Early.B 6953.JPG,lesion_proxy,H,43,34.04651162790697,34.0,0.21059035204970736,34.0,34.0,34.0
potato_early_blight,454203b9-0376-4db3-92ed-047545daa7c6___RS_Early.B 6953.JPG,lesion_proxy,S,43,147.72093023255815,147.0,24.84587428331129,119.2,147.0,165.0
potato_early_blight,454203b9-0376-4db3-92ed-047545daa7c6___RS_Early.B 6953.JPG,lesion_proxy,V,43,140.53488372093022,145.0,33.17069934074229,119.2,145.0,173.60000000000002
potato_early_blight,4ab9d59b-57ee-4e22-a6bb-d8152710fd28___RS_Early.B 6857.JPG,leaf,H,37353,46.12606751800391,47.0,6.0289180509249825,41.0,47.0,51.0
potato_early_blight,4ab9d59b-57ee-4e22-a6bb-d8152710fd28___RS_Early.B 6857.JPG,leaf,S,37353,90.71565871549808,80.0,38.25105805849163,52.0,80.0,152.0
potato_early_blight,4ab9d59b-57ee-4e22-a6bb-d8152710fd28___RS_Early.B 6857.JPG,leaf,V,37353,143.34944984338608,151.0,31.63541947319398,94.0,151.0,177.0
potato_early_blight,4ab9d59b-57ee-4e22-a6bb-d8152710fd28___RS_Early.B 6857.JPG,lesion_proxy,H,1583,25.12318382817435,26.0,9.107242685500378,13.0,26.0,34.0
potato_early_blight,4ab9d59b-57ee-4e22-a6bb-d8152710fd28___RS_Early.B 6857.JPG,lesion_proxy,S,1583,61.25710675931775,54.0,27.89197596355597,33.0,54.0,107.79999999999995
potato_early_blight,4ab9d59b-57ee-4e22-a6bb-d8152710fd28___RS_Early.B 6857.JPG,lesion_proxy,V,1583,133.83701831964623,140.0,36.06653105710378,71.20000000000002,140.0,173.79999999999995
potato_early_blight,4d5d6c62-61d8-45a3-aada-3ee8bc44e1d5___RS_Early.B 6685.JPG,leaf,H,469,37.54584221748401,38.0,1.8494881400598244,35.0,38.0,40.0
potato_early_blight,4d5d6c62-61d8-45a3-aada-3ee8bc44e1d5___RS_Early.B 6685.JPG,leaf,S,469,117.29850746268657,115.0,26.723818822201327,85.80000000000001,115.0,155.0
potato_early_blight,4d5d6c62-61d8-45a3-aada-3ee8bc44e1d5___RS_Early.B 6685.JPG,leaf,V,469,161.44776119402985,170.0,33.39068886177184,115.00000000000003,170.0,192.0
potato_early_blight,4da46a9d-7709-4528-acc3-a7be6ace3714___RS_Early.B 7187.JPG,leaf,H,38588,44.36200373173007,46.0,9.012169090418878,35.0,46.0,53.0
potato_early_blight,4da46a9d-7709-4528-acc3-a7be6ace3714___RS_Early.B 7187.JPG,leaf,S,38588,77.75479423655023,65.0,42.56475194079412,43.0,65.0,132.0
potato_early_blight,4da46a9d-7709-4528-acc3-a7be6ace3714___RS_Early.B 7187.JPG,leaf,V,38588,147.90318233647767,157.0,36.044361930581005,90.0,157.0,184.0
potato_early_blight,4da46a9d-7709-4528-acc3-a7be6ace3714___RS_Early.B 7187.JPG,lesion_proxy,H,4185,25.837753882915173,25.0,11.45274259710657,13.0,25.0,37.0
potato_early_blight,4da46a9d-7709-4528-acc3-a7be6ace3714___RS_Early.B 7187.JPG,lesion_proxy,S,4185,67.03679808841099,55.0,40.20131043084393,36.0,55.0,109.0
potato_early_blight,4da46a9d-7709-4528-acc3-a7be6ace3714___RS_Early.B 7187.JPG,lesion_proxy,V,4185,136.30489844683393,144.0,44.50781937551157,64.0,144.0,186.0
potato_early_blight,4f71ba26-6612-427b-8dc0-4d8cc909f1fa___RS_Early.B 7122.JPG,leaf,H,31171,40.70462930287768,42.0,8.262595990897369,32.0,42.0,48.0
potato_early_blight,4f71ba26-6612-427b-8dc0-4d8cc909f1fa___RS_Early.B 7122.JPG,leaf,S,31171,108.6685701453274,103.0,39.98887232460353,63.0,103.0,164.0
potato_early_blight,4f71ba26-6612-427b-8dc0-4d8cc909f1fa___RS_Early.B 7122.JPG,leaf,V,31171,130.3721407718713,132.0,27.69034884296019,94.0,132.0,164.0
potato_early_blight,4f71ba26-6612-427b-8dc0-4d8cc909f1fa___RS_Early.B 7122.JPG,lesion_proxy,H,4200,25.413333333333334,25.0,11.377405065819975,12.0,25.0,34.0
potato_early_blight,4f71ba26-6612-427b-8dc0-4d8cc909f1fa___RS_Early.B 7122.JPG,lesion_proxy,S,4200,90.4954761904762,92.0,32.45155331981014,31.0,92.0,130.0
potato_early_blight,4f71ba26-6612-427b-8dc0-4d8cc909f1fa___RS_Early.B 7122.JPG,lesion_proxy,V,4200,123.41166666666666,120.0,29.09580737401923,90.0,120.0,167.0
potato_early_blight,51d521bb-5800-4f46-8fd0-f6cb09f37989___RS_Early.B 7572.JPG,leaf,H,5647,35.29626350274482,35.0,0.7244070454804319,35.0,35.0,36.0
potato_early_blight,51d521bb-5800-4f46-8fd0-f6cb09f37989___RS_Early.B 7572.JPG,leaf,S,5647,174.61908978218523,175.0,20.252915025947555,147.0,175.0,201.0
potato_early_blight,51d521bb-5800-4f46-8fd0-f6cb09f37989___RS_Early.B 7572.JPG,leaf,V,5647,134.83230033646183,140.0,15.670664197272494,109.0,140.0,151.0
potato_early_blight,51d521bb-5800-4f46-8fd0-f6cb09f37989___RS_Early.B 7572.JPG,lesion_proxy,H,213,33.89201877934272,34.0,0.3103566926016602,33.0,34.0,34.0
potato_early_blight,51d521bb-5800-4f46-8fd0-f6cb09f37989___RS_Early.B 7572.JPG,lesion_proxy,S,213,172.48356807511738,174.0,12.345798640685489,157.0,174.0,185.8
potato_early_blight,51d521bb-5800-4f46-8fd0-f6cb09f37989___RS_Early.B 7572.JPG,lesion_proxy,V,213,140.0,143.0,10.684550735203869,124.4,143.0,150.0
potato_late_blight,0085ef03-aec3-431a-99a1-de286e10c0cf___RS_LB 2949.JPG,leaf,H,21624,49.34304476507584,49.0,5.082719803404461,43.0,49.0,55.0
potato_late_blight,0085ef03-aec3-431a-99a1-de286e10c0cf___RS_LB 2949.JPG,leaf,S,21624,95.02765445800962,94.0,30.34756844306777,56.0,94.0,133.0
potato_late_blight,0085ef03-aec3-431a-99a1-de286e10c0cf___RS_LB 2949.JPG,leaf,V,21624,105.78472992970774,106.0,23.233422914755092,76.0,106.0,136.0
potato_late_blight,0085ef03-aec3-431a-99a1-de286e10c0cf___RS_LB 2949.JPG,lesion_proxy,H,27,41.074074074074076,41.0,6.616063089884183,34.0,41.0,46.0
potato_late_blight,0085ef03-aec3-431a-99a1-de286e10c0cf___RS_LB 2949.JPG,lesion_proxy,S,27,128.11111111111111,144.0,63.709603516635646,29.0,144.0,195.0
potato_late_blight,0085ef03-aec3-431a-99a1-de286e10c0cf___RS_LB 2949.JPG,lesion_proxy,V,27,72.07407407407408,39.0,42.46909632498883,36.6,39.0,137.8
potato_late_blight,0114b195-844c-4978-93a9-b0d5aae010f1___RS_LB 2738.JPG,leaf,H,5799,43.554578375582,44.0,3.3307752542718103,39.0,44.0,47.0
potato_late_blight,0114b195-844c-4978-93a9-b0d5aae010f1___RS_LB 2738.JPG,leaf,S,5799,67.99258492843593,66.0,16.3086853017151,51.0,66.0,89.0
potato_late_blight,0114b195-844c-4978-93a9-b0d5aae010f1___RS_LB 2738.JPG,leaf,V,5799,122.56906363166063,124.0,17.851334153495507,98.0,124.0,145.0
potato_late_blight,0114b195-844c-4978-93a9-b0d5aae010f1___RS_LB 2738.JPG,lesion_proxy,H,14,33.42857142857143,34.0,0.8206518066482897,33.0,34.0,34.0
potato_late_blight,0114b195-844c-4978-93a9-b0d5aae010f1___RS_LB 2738.JPG,lesion_proxy,S,14,67.57142857142857,65.0,17.286304594406875,51.9,65.0,79.20000000000002
potato_late_blight,0114b195-844c-4978-93a9-b0d5aae010f1___RS_LB 2738.JPG,lesion_proxy,V,14,131.64285714285714,136.5,11.744951151495709,119.2,136.5,140.4
potato_late_blight,03bab48b-962b-4c08-bc98-da95237d20ac___RS_LB 3190.JPG,leaf,H,23550,41.747898089171976,42.0,3.778350840302781,36.0,42.0,47.0
potato_late_blight,03bab48b-962b-4c08-bc98-da95237d20ac___RS_LB 3190.JPG,leaf,S,23550,104.80700636942674,94.0,42.38640662800226,60.0,94.0,171.0
potato_late_blight,03bab48b-962b-4c08-bc98-da95237d20ac___RS_LB 3190.JPG,leaf,V,23550,115.68781316348195,119.0,26.19938801118112,79.0,119.0,147.0
potato_late_blight,03bab48b-962b-4c08-bc98-da95237d20ac___RS_LB 3190.JPG,lesion_proxy,H,105,34.02857142857143,34.0,1.7427790770962985,33.0,34.0,34.0
potato_late_blight,03bab48b-962b-4c08-bc98-da95237d20ac___RS_LB 3190.JPG,lesion_proxy,S,105,136.96190476190475,121.0,52.212190477580236,88.4,121.0,215.20000000000002
potato_late_blight,03bab48b-962b-4c08-bc98-da95237d20ac___RS_LB 3190.JPG,lesion_proxy,V,105,108.70476190476191,120.0,39.192303376950555,54.4,120.0,150.0
potato_late_blight,1531198a-c611-47ee-af7d-7b124b863870___RS_LB 4793.JPG,leaf,H,34229,45.90870314645476,46.0,4.901500488806242,40.0,46.0,51.0
potato_late_blight,1531198a-c611-47ee-af7d-7b124b863870___RS_LB 4793.JPG,leaf,S,34229,133.16670075082533,130.0,48.93592713306633,71.0,130.0,206.0
potato_late_blight,1531198a-c611-47ee-af7d-7b124b863870___RS_LB 4793.JPG,leaf,V,34229,97.56148295305151,96.0,25.942950115604248,61.0,96.0,133.0
potato_late_blight,1531198a-c611-47ee-af7d-7b124b863870___RS_LB 4793.JPG,lesion_proxy,H,454,26.277533039647576,26.0,6.129122875099779,18.0,26.0,34.0
potato_late_blight,1531198a-c611-47ee-af7d-7b124b863870___RS_LB 4793.JPG,lesion_proxy,S,454,69.69823788546256,65.0,21.01602381057955,49.0,65.0,97.69999999999999
potato_late_blight,1531198a-c611-47ee-af7d-7b124b863870___RS_LB 4793.JPG,lesion_proxy,V,454,86.1784140969163,87.0,13.57963528233402,71.0,87.0,100.0
potato_late_blight,1b8f80ae-38a2-4d08-ae92-f80ff4459a73___RS_LB 2554.JPG,leaf,H,23569,46.439899868471294,47.0,4.969426310105779,39.0,47.0,52.0
potato_late_blight,1b8f80ae-38a2-4d08-ae92-f80ff4459a73___RS_LB 2554.JPG,leaf,S,23569,100.28554457125885,94.0,39.1113647651485,56.0,94.0,154.0
potato_late_blight,1b8f80ae-38a2-4d08-ae92-f80ff4459a73___RS_LB 2554.JPG,leaf,V,23569,104.56489456489456,106.0,25.41504513533904,70.0,106.0,136.0
potato_late_blight,1b8f80ae-38a2-4d08-ae92-f80ff4459a73___RS_LB 2554.JPG,lesion_proxy,H,263,45.73003802281369,47.0,11.097533843742172,32.0,47.0,60.0
potato_late_blight,1b8f80ae-38a2-4d08-ae92-f80ff4459a73___RS_LB 2554.JPG,lesion_proxy,S,263,67.12927756653993,29.0,58.61550958677126,23.0,29.0,168.60000000000002
potato_late_blight,1b8f80ae-38a2-4d08-ae92-f80ff4459a73___RS_LB 2554.JPG,lesion_proxy,V,263,120.0190114068441,144.0,45.396558760677635,42.60000000000002,144.0,163.0
potato_late_blight,1f84da28-3025-4cc0-8815-5b6b60205956___RS_LB 3326.JPG,leaf,H,13545,43.92750092284976,45.0,3.7471072234237592,38.0,45.0,48.0
potato_late_blight,1f84da28-3025-4cc0-8815-5b6b60205956___RS_LB 3326.JPG,leaf,S,13545,90.59424141749723,84.0,29.289113894966995,59.0,84.0,132.0
potato_late_blight,1f84da28-3025-4cc0-8815-5b6b60205956___RS_LB 3326.JPG,leaf,V,13545,108.77511997046881,108.0,25.780773546164504,77.0,108.0,143.0
potato_late_blight,1f84da28-3025-4cc0-8815-5b6b60205956___RS_LB 3326.JPG,lesion_proxy,H,46,34.26086956521739,34.0,1.712292927610019,33.0,34.0,34.0
potato_late_blight,1f84da28-3025-4cc0-8815-5b6b60205956___RS_LB 3326.JPG,lesion_proxy,S,46,107.19565217391305,107.0,33.80739536102136,67.5,107.0,156.5
potato_late_blight,1f84da28-3025-4cc0-8815-5b6b60205956___RS_LB 3326.JPG,lesion_proxy,V,46,120.28260869565217,137.5,35.40428802540748,77.0,137.5,152.5
potato_late_blight,25bf1e56-4039-4d92-9a66-65b62e3b0f4d___RS_LB 4949.JPG,leaf,H,26668,44.79998500074996,47.0,6.568497525445824,38.0,47.0,50.0
potato_late_blight,25bf1e56-4039-4d92-9a66-65b62e3b0f4d___RS_LB 4949.JPG,leaf,S,26668,88.04061046947653,85.0,27.963520706141317,55.0,85.0,126.0
potato_late_blight,25bf1e56-4039-4d92-9a66-65b62e3b0f4d___RS_LB 4949.JPG,leaf,V,26668,120.9670766461677,122.0,19.3634576928782,97.0,122.0,145.0
potato_late_blight,25bf1e56-4039-4d92-9a66-65b62e3b0f4d___RS_LB 4949.JPG,lesion_proxy,H,1375,22.714909090909092,23.0,7.046249517613098,13.400000000000006,23.0,33.0
potato_late_blight,25bf1e56-4039-4d92-9a66-65b62e3b0f4d___RS_LB 4949.JPG,lesion_proxy,S,1375,58.54545454545455,50.0,30.041098020011418,28.0,50.0,102.60000000000014
potato_late_blight,25bf1e56-4039-4d92-9a66-65b62e3b0f4d___RS_LB 4949.JPG,lesion_proxy,V,1375,119.79709090909091,120.0,22.138512528888104,91.4,120.0,149.0
potato_late_blight,28cbad12-8d41-4d36-a6df-db0d35ee1ce0___RS_LB 2922.JPG,leaf,H,21926,55.865912615160084,56.0,10.31460730812621,42.0,56.0,70.0
potato_late_blight,28cbad12-8d41-4d36-a6df-db0d35ee1ce0___RS_LB 2922.JPG,leaf,S,21926,80.55203867554502,72.0,31.434931052276678,48.0,72.0,124.0
potato_late_blight,28cbad12-8d41-4d36-a6df-db0d35ee1ce0___RS_LB 2922.JPG,leaf,V,21926,88.10257228860713,89.0,20.37776983311651,60.0,89.0,113.0
potato_late_blight,28cbad12-8d41-4d36-a6df-db0d35ee1ce0___RS_LB 2922.JPG,lesion_proxy,H,329,52.21580547112462,54.0,10.589275674267034,34.0,54.0,64.19999999999999
potato_late_blight,28cbad12-8d41-4d36-a6df-db0d35ee1ce0___RS_LB 2922.JPG,lesion_proxy,S,329,93.46200607902736,90.0,39.65020975946493,29.0,90.0,140.0
potato_late_blight,28cbad12-8d41-4d36-a6df-db0d35ee1ce0___RS_LB 2922.JPG,lesion_proxy,V,329,49.03343465045592,36.0,30.588087566389856,28.0,36.0,102.39999999999998
potato_late_blight,2ef5c4f6-a798-40fd-8380-f444f3290987___RS_LB 4428.JPG,leaf,H,30033,60.01168714414145,62.0,11.52038073029817,44.0,62.0,72.0
potato_late_blight,2ef5c4f6-a798-40fd-8380-f444f3290987___RS_LB 4428.JPG,leaf,S,30033,96.89231844970533,93.0,27.516701102034723,68.0,93.0,128.0
potato_late_blight,2ef5c4f6-a798-40fd-8380-f444f3290987___RS_LB 4428.JPG,leaf,V,30033,99.57087204075516,100.0,23.70702612937115,67.0,100.0,130.0
potato_late_blight,2ef5c4f6-a798-40fd-8380-f444f3290987___RS_LB 4428.JPG,lesion_proxy,H,913,24.46659364731654,27.0,8.139610873783099,12.0,27.0,34.0
potato_late_blight,2ef5c4f6-a798-40fd-8380-f444f3290987___RS_LB 4428.JPG,lesion_proxy,S,913,70.76998904709748,69.0,17.71465744489019,50.0,69.0,93.0
potato_late_blight,2ef5c4f6-a798-40fd-8380-f444f3290987___RS_LB 4428.JPG,lesion_proxy,V,913,112.6604600219058,114.0,23.33406008220204,84.0,114.0,143.0
potato_late_blight,31b2a640-4063-41f1-97c5-03ceca0ce131___RS_LB 5439.JPG,leaf,H,37283,59.53879784352117,60.0,10.949254989604713,44.0,60.0,74.0
potato_late_blight,31b2a640-4063-41f1-97c5-03ceca0ce131___RS_LB 5439.JPG,leaf,S,37283,82.8092159965668,76.0,28.625022151585426,53.0,76.0,124.0
potato_late_blight,31b2a640-4063-41f1-97c5-03ceca0ce131___RS_LB 5439.JPG,leaf,V,37283,110.58986669527667,113.0,29.125711107058294,68.0,113.0,147.0
potato_late_blight,31b2a640-4063-41f1-97c5-03ceca0ce131___RS_LB 5439.JPG,lesion_proxy,H,498,36.01807228915663,33.0,13.248689967018016,24.0,33.0,56.0
potato_late_blight,31b2a640-4063-41f1-97c5-03ceca0ce131___RS_LB 5439.JPG,lesion_proxy,S,498,57.829317269076306,46.0,38.98868366270841,24.0,46.0,137.0
potato_late_blight,31b2a640-4063-41f1-97c5-03ceca0ce131___RS_LB 5439.JPG,lesion_proxy,V,498,95.63052208835342,93.5,32.60214150406563,39.0,93.5,136.0
potato_late_blight,324a0ba8-726a-4e6c-a15f-c32a1904f891___RS_LB 3078.JPG,leaf,H,14687,45.431878532035135,46.0,4.218980369863361,39.0,46.0,50.0
potato_late_blight,324a0ba8-726a-4e6c-a15f-c32a1904f891___RS_LB 3078.JPG,leaf,S,14687,81.51480901477497,75.0,33.245894117340576,46.0,75.0,126.0
potato_late_blight,324a0ba8-726a-4e6c-a15f-c32a1904f891___RS_LB 3078.JPG,leaf,V,14687,136.02396677333695,139.0,24.77479908195053,104.0,139.0,164.0
potato_late_blight,324a0ba8-726a-4e6c-a15f-c32a1904f891___RS_LB 3078.JPG,lesion_proxy,H,183,47.96174863387978,51.0,7.8248351439318675,34.0,51.0,56.0
potato_late_blight,324a0ba8-726a-4e6c-a15f-c32a1904f891___RS_LB 3078.JPG,lesion_proxy,S,183,42.3551912568306,28.0,37.44897530960463,22.0,28.0,111.20000000000005
potato_late_blight,324a0ba8-726a-4e6c-a15f-c32a1904f891___RS_LB 3078.JPG,lesion_proxy,V,183,169.1639344262295,173.0,23.61659622611132,140.2,173.0,194.0
potato_late_blight,3e81c41f-5b6b-4458-8aa8-6a544a8e678c___RS_LB 4963.JPG,leaf,H,29623,44.77048239543598,46.0,4.118294803040534,39.0,46.0,49.0
potato_late_blight,3e81c41f-5b6b-4458-8aa8-6a544a8e678c___RS_LB 4963.JPG,leaf,S,29623,92.17796982074739,89.0,29.291382188099565,57.0,89.0,132.0
potato_late_blight,3e81c41f-5b6b-4458-8aa8-6a544a8e678c___RS_LB 4963.JPG,leaf,V,29623,126.16618843466226,126.0,18.785830614368017,103.0,126.0,150.0
potato_late_blight,3e81c41f-5b6b-4458-8aa8-6a544a8e678c___RS_LB 4963.JPG,lesion_proxy,H,242,29.24793388429752,32.0,6.61675932731641,20.0,32.0,34.0
potato_late_blight,3e81c41f-5b6b-4458-8aa8-6a544a8e678c___RS_LB 4963.JPG,lesion_proxy,S,242,47.049586776859506,46.0,15.405189229644257,33.1,46.0,56.0
potato_late_blight,3e81c41f-5b6b-4458-8aa8-6a544a8e678c___RS_LB 4963.JPG,lesion_proxy,V,242,119.96694214876032,117.0,16.77361854458655,102.0,117.0,142.9
potato_late_blight,3f2d7c62-8d58-4a40-9df4-0ab3497b13b9___RS_LB 4487.JPG,leaf,H,5482,38.2280189711784,37.0,2.9119066509831577,35.0,37.0,43.0
potato_late_blight,3f2d7c62-8d58-4a40-9df4-0ab3497b13b9___RS_LB 4487.JPG,leaf,S,5482,91.2544691718351,77.0,38.62241566135732,51.0,77.0,152.0
potato_late_blight,3f2d7c62-8d58-4a40-9df4-0ab3497b13b9___RS_LB 4487.JPG,leaf,V,5482,156.14793870850056,166.0,34.13610711754273,103.10000000000002,166.0,194.0
potato_late_blight,3f2d7c62-8d58-4a40-9df4-0ab3497b13b9___RS_LB 4487.JPG,lesion_proxy,H,117,32.965811965811966,34.0,1.6168536710855976,31.0,34.0,34.0
potato_late_blight,3f2d7c62-8d58-4a40-9df4-0ab3497b13b9___RS_LB 4487.JPG,lesion_proxy,S,117,111.55555555555556,123.0,29.668379220072993,76.0,123.0,147.4
potato_late_blight,3f2d7c62-8d58-4a40-9df4-0ab3497b13b9___RS_LB 4487.JPG,lesion_proxy,V,117,134.2905982905983,121.0,36.91618129658579,92.0,121.0,182.0
potato_late_blight,4215b9d5-c554-4249-80e1-aeaf2106e966___RS_LB 2977.JPG,leaf,H,26676,42.37678062678063,43.0,3.1304183969941564,38.0,43.0,46.0
potato_late_blight,4215b9d5-c554-4249-80e1-aeaf2106e966___RS_LB 2977.JPG,leaf,S,26676,126.66048133153396,130.0,42.491315819308525,66.0,130.0,179.0
potato_late_blight,4215b9d5-c554-4249-80e1-aeaf2106e966___RS_LB 2977.JPG,leaf,V,26676,85.06732643574749,80.0,31.148625694492893,48.0,80.0,129.0
potato_late_blight,4215b9d5-c554-4249-80e1-aeaf2106e966___RS_LB 2977.JPG,lesion_proxy,H,1028,38.08852140077821,38.0,3.698898846624164,33.7,38.0,43.0
potato_late_blight,4215b9d5-c554-4249-80e1-aeaf2106e966___RS_LB 2977.JPG,lesion_proxy,S,1028,162.75194552529183,168.0,40.591753035596646,110.0,168.0,209.0
potato_late_blight,4215b9d5-c554-4249-80e1-aeaf2106e966___RS_LB 2977.JPG,lesion_proxy,V,1028,44.42217898832685,36.0,31.24322143320665,28.0,36.0,74.0
potato_late_blight,42b19bb3-68b6-4c46-a626-f7480718360a___RS_LB 4686.JPG,leaf,H,12483,40.120483858046946,41.0,2.8327401202299702,36.0,41.0,43.0
potato_late_blight,42b19bb3-68b6-4c46-a626-f7480718360a___RS_LB 4686.JPG,leaf,S,12483,110.9558599695586,106.0,31.40758647096342,75.0,106.0,152.0
potato_late_blight,42b19bb3-68b6-4c46-a626-f7480718360a___RS_LB 4686.JPG,leaf,V,12483,107.33830008811984,107.0,21.720066852377947,79.0,107.0,136.0
potato_late_blight,42b19bb3-68b6-4c46-a626-f7480718360a___RS_LB 4686.JPG,lesion_proxy,H,182,32.74175824175824,33.0,1.4654681533850948,30.0,33.0,34.0
potato_late_blight,42b19bb3-68b6-4c46-a626-f7480718360a___RS_LB 4686.JPG,lesion_proxy,S,182,95.1043956043956,91.5,27.72223058469051,61.0,91.5,128.9
potato_late_blight,42b19bb3-68b6-4c46-a626-f7480718360a___RS_LB 4686.JPG,lesion_proxy,V,182,109.28571428571429,103.0,28.389282033540503,73.0,103.0,151.0
potato_late_blight,4664efe7-50ae-4a32-b818-2ec7f3881471___RS_LB 4478.JPG,leaf,H,949,35.651211801896736,35.0,1.1575341266685566,35.0,35.0,37.0
potato_late_blight,4664efe7-50ae-4a32-b818-2ec7f3881471___RS_LB 4478.JPG,leaf,S,949,164.44573234984193,168.0,21.75528363123948,133.0,168.0,190.0
potato_late_blight,4664efe7-50ae-4a32-b818-2ec7f3881471___RS_LB 4478.JPG,leaf,V,949,105.84299262381454,106.0,11.993043553600339,90.0,106.0,122.0
potato_late_blight,4664efe7-50ae-4a32-b818-2ec7f3881471___RS_LB 4478.JPG,lesion_proxy,H,80,33.8125,34.0,0.3903123748998999,33.0,34.0,34.0
potato_late_blight,4664efe7-50ae-4a32-b818-2ec7f3881471___RS_LB 4478.JPG,lesion_proxy,S,80,173.075,176.5,16.844713562420704,147.8,176.5,191.10000000000002
potato_late_blight,4664efe7-50ae-4a32-b818-2ec7f3881471___RS_LB 4478.JPG,lesion_proxy,V,80,98.0875,99.0,10.92267566807694,83.8,99.0,110.10000000000001
potato_late_blight,4a911e79-f9c0-4ba1-aa80-567d653df61c___RS_LB 4038.JPG,leaf,H,28118,55.03627569528416,57.0,8.486343801155863,44.0,57.0,64.0
potato_late_blight,4a911e79-f9c0-4ba1-aa80-567d653df61c___RS_LB 4038.JPG,leaf,S,28118,92.28760936055195,92.0,22.188658130935096,65.0,92.0,118.0
potato_late_blight,4a911e79-f9c0-4ba1-aa80-567d653df61c___RS_LB 4038.JPG,leaf,V,28118,102.41332953979658,107.0,16.654805338599747,77.0,107.0,118.0
potato_late_blight,4a911e79-f9c0-4ba1-aa80-567d653df61c___RS_LB 4038.JPG,lesion_proxy,H,848,29.54952830188679,30.0,9.313583089562263,19.0,30.0,41.30000000000007
potato_late_blight,4a911e79-f9c0-4ba1-aa80-567d653df61c___RS_LB 4038.JPG,lesion_proxy,S,848,44.2747641509434,41.0,17.83536408959812,23.0,41.0,68.0
potato_late_blight,4a911e79-f9c0-4ba1-aa80-567d653df61c___RS_LB 4038.JPG,lesion_proxy,V,848,62.52240566037736,63.0,12.861910560620531,45.0,63.0,78.0
potato_late_blight,4afd8bf6-0e1e-4a85-a576-1e8995c88d5c___RS_LB 2505.JPG,leaf,H,23734,41.97484621218505,42.0,2.972642764443819,38.0,42.0,46.0
potato_late_blight,4afd8bf6-0e1e-4a85-a576-1e8995c88d5c___RS_LB 2505.JPG,leaf,S,23734,99.99136260217409,92.0,40.59169850578592,54.0,92.0,157.0
potato_late_blight,4afd8bf6-0e1e-4a85-a576-1e8995c88d5c___RS_LB 2505.JPG,leaf,V,23734,113.42605544788067,119.0,28.261051285714508,72.0,119.0,146.0
potato_late_blight,4afd8bf6-0e1e-4a85-a576-1e8995c88d5c___RS_LB 2505.JPG,lesion_proxy,H,75,38.89333333333333,40.0,3.189872864063534,34.0,40.0,42.0
potato_late_blight,4afd8bf6-0e1e-4a85-a576-1e8995c88d5c___RS_LB 2505.JPG,lesion_proxy,S,75,155.57333333333332,183.0,62.833149071347854,50.0,183.0,212.00000000000006
potato_late_blight,4afd8bf6-0e1e-4a85-a576-1e8995c88d5c___RS_LB 2505.JPG,lesion_proxy,V,75,63.06666666666667,39.0,42.89625728299485,38.0,39.0,139.20000000000002
potato_late_blight,4eaf1f96-f7f4-4a92-ba67-0147de20ab72___RS_LB 4830.JPG,leaf,H,31428,40.01310932926053,41.0,4.658404426225789,36.0,41.0,44.0
potato_late_blight,4eaf1f96-f7f4-4a92-ba67-0147de20ab72___RS_LB 4830.JPG,leaf,S,31428,120.50413643884434,116.0,33.19296354289262,82.0,116.0,167.0
potato_late_blight,4eaf1f96-f7f4-4a92-ba67-0147de20ab72___RS_LB 4830.JPG,leaf,V,31428,118.27488227058674,122.0,24.001421389478132,84.0,122.0,146.0
potato_late_blight,4eaf1f96-f7f4-4a92-ba67-0147de20ab72___RS_LB 4830.JPG,lesion_proxy,H,1619,24.592958616429893,26.0,7.538771914682818,13.0,26.0,34.0
potato_late_blight,4eaf1f96-f7f4-4a92-ba67-0147de20ab72___RS_LB 4830.JPG,lesion_proxy,S,1619,89.22050648548486,89.0,32.18517184528826,47.0,89.0,131.0
potato_late_blight,4eaf1f96-f7f4-4a92-ba67-0147de20ab72___RS_LB 4830.JPG,lesion_proxy,V,1619,100.25941939468808,94.0,30.07436781817529,64.0,94.0,142.0
potato_late_blight,50abdfe1-411f-4afe-8f78-1ffb7816792f___RS_LB 2694.JPG,leaf,H,29646,44.846184982797006,45.0,4.431457206967315,39.0,45.0,50.0
potato_late_blight,50abdfe1-411f-4afe-8f78-1ffb7816792f___RS_LB 2694.JPG,leaf,S,29646,115.91546920326519,107.0,36.111973351913875,79.0,107.0,170.0
potato_late_blight,50abdfe1-411f-4afe-8f78-1ffb7816792f___RS_LB 2694.JPG,leaf,V,29646,94.66474397895163,98.0,23.674646036495304,59.0,98.0,123.0
potato_late_blight,50abdfe1-411f-4afe-8f78-1ffb7816792f___RS_LB 2694.JPG,lesion_proxy,H,138,38.88405797101449,40.0,2.4878617318169756,34.0,40.0,41.0
potato_late_blight,50abdfe1-411f-4afe-8f78-1ffb7816792f___RS_LB 2694.JPG,lesion_proxy,S,138,207.52898550724638,216.0,38.358188292928176,158.8,216.0,242.0
potato_late_blight,50abdfe1-411f-4afe-8f78-1ffb7816792f___RS_LB 2694.JPG,lesion_proxy,V,138,44.64492753623188,39.0,18.625524299453467,37.0,39.0,55.19999999999993
tomato_early_blight,00c5c908-fc25-4710-a109-db143da23112___RS_Erly.B 7778.JPG,leaf,H,23016,52.159019812304486,52.0,6.2805042436377665,45.0,52.0,60.0
tomato_early_blight,00c5c908-fc25-4710-a109-db143da23112___RS_Erly.B 7778.JPG,leaf,S,23016,95.62808481056656,88.0,40.468761369314606,50.0,88.0,155.0
tomato_early_blight,00c5c908-fc25-4710-a109-db143da23112___RS_Erly.B 7778.JPG,leaf,V,23016,101.23722627737226,102.0,31.508406241967023,59.0,102.0,142.0
tomato_early_blight,00c5c908-fc25-4710-a109-db143da23112___RS_Erly.B 7778.JPG,lesion_proxy,H,706,45.79178470254958,48.0,11.067676973302712,28.0,48.0,57.5
tomato_early_blight,00c5c908-fc25-4710-a109-db143da23112___RS_Erly.B 7778.JPG,lesion_proxy,S,706,137.12322946175638,149.0,58.18896003072457,43.0,149.0,206.0
tomato_early_blight,00c5c908-fc25-4710-a109-db143da23112___RS_Erly.B 7778.JPG,lesion_proxy,V,706,50.73796033994334,34.5,45.5037669682893,20.0,34.5,143.5
tomato_early_blight,0114f7b3-7f56-4bef-aa47-7a82da142d4b___RS_Erly.B 7437.JPG,leaf,H,23989,62.408353828838216,64.0,13.255785907093648,46.0,64.0,76.0
tomato_early_blight,0114f7b3-7f56-4bef-aa47-7a82da142d4b___RS_Erly.B 7437.JPG,leaf,S,23989,82.83667514277377,80.0,27.13504154262844,52.0,80.0,119.0
tomato_early_blight,0114f7b3-7f56-4bef-aa47-7a82da142d4b___RS_Erly.B 7437.JPG,leaf,V,23989,96.18400100045854,92.0,36.48637624268619,52.0,92.0,149.0
tomato_early_blight,0114f7b3-7f56-4bef-aa47-7a82da142d4b___RS_Erly.B 7437.JPG,lesion_proxy,H,1350,35.08592592592593,33.0,18.674483137130128,12.0,33.0,60.0
tomato_early_blight,0114f7b3-7f56-4bef-aa47-7a82da142d4b___RS_Erly.B 7437.JPG,lesion_proxy,S,1350,95.57777777777778,100.5,40.51023952253108,36.0,100.5,143.0
tomato_early_blight,0114f7b3-7f56-4bef-aa47-7a82da142d4b___RS_Erly.B 7437.JPG,lesion_proxy,V,1350,58.92148148148148,39.0,36.84280599195409,28.0,39.0,120.10000000000014
tomato_early_blight,05fab431-cc13-4d6d-b4e1-912e0059c7c1___RS_Erly.B 8349.JPG,leaf,H,4858,39.37875668999588,39.0,3.16758124649566,36.0,39.0,43.30000000000018
tomato_early_blight,05fab431-cc13-4d6d-b4e1-912e0059c7c1___RS_Erly.B 8349.JPG,leaf,S,4858,133.63874022231371,131.0,32.582084291438846,94.0,131.0,177.0
tomato_early_blight,05fab431-cc13-4d6d-b4e1-912e0059c7c1___RS_Erly.B 8349.JPG,leaf,V,4858,136.15006175380816,141.0,21.024322820436815,108.0,141.0,158.0
tomato_early_blight,05fab431-cc13-4d6d-b4e1-912e0059c7c1___RS_Erly.B 8349.JPG,lesion_proxy,H,23,34.0,34.0,0.7801894976054939,33.0,34.0,34.0
tomato_early_blight,05fab431-cc13-4d6d-b4e1-912e0059c7c1___RS_Erly.B 8349.JPG,lesion_proxy,S,23,154.08695652173913,154.0,35.76604297189829,107.8,154.0,202.6
tomato_early_blight,05fab431-cc13-4d6d-b4e1-912e0059c7c1___RS_Erly.B 8349.JPG,lesion_proxy,V,23,120.3913043478261,126.0,34.51872728072814,87.0,126.0,157.8
tomato_early_blight,13c87a78-0a62-4aff-b6f3-fcbf1a8323e6___RS_Erly.B 9612.JPG,leaf,H,28505,74.10317488159971,76.0,10.217531498710594,60.40000000000009,76.0,85.0
tomato_early_blight,13c87a78-0a62-4aff-b6f3-fcbf1a8323e6___RS_Erly.B 9612.JPG,leaf,S,28505,68.71703209963164,65.0,21.91687472432274,44.0,65.0,99.0
tomato_early_blight,13c87a78-0a62-4aff-b6f3-fcbf1a8323e6___RS_Erly.B 9612.JPG,leaf,V,28505,82.39077354850026,78.0,29.496703292400625,47.0,78.0,125.0
tomato_early_blight,13c87a78-0a62-4aff-b6f3-fcbf1a8323e6___RS_Erly.B 9612.JPG,lesion_proxy,H,3010,75.78504983388704,86.0,18.70185670639735,56.0,86.0,90.0
tomato_early_blight,13c87a78-0a62-4aff-b6f3-fcbf1a8323e6___RS_Erly.B 9612.JPG,lesion_proxy,S,3010,63.838538205980065,57.0,28.136600403185533,32.0,57.0,106.0
tomato_early_blight,13c87a78-0a62-4aff-b6f3-fcbf1a8323e6___RS_Erly.B 9612.JPG,lesion_proxy,V,3010,85.70033222591363,95.0,37.03986224648336,34.0,95.0,132.0
tomato_early_blight,197fa869-c124-436e-b3cd-bced95f52a8e___RS_Erly.B 7834.JPG,leaf,H,20312,40.55735525797558,40.0,7.5619314505568855,33.0,40.0,49.0
tomato_early_blight,197fa869-c124-436e-b3cd-bced95f52a8e___RS_Erly.B 7834.JPG,leaf,S,20312,69.22415320992516,66.0,19.810773341087874,48.0,66.0,96.0
tomato_early_blight,197fa869-c124-436e-b3cd-bced95f52a8e___RS_Erly.B 7834.JPG,leaf,V,20312,112.5155080740449,116.0,22.441160993205227,82.0,116.0,138.0
tomato_early_blight,197fa869-c124-436e-b3cd-bced95f52a8e___RS_Erly.B 7834.JPG,lesion_proxy,H,2573,27.6677030703459,30.0,7.342937259981245,15.0,30.0,34.0
tomato_early_blight,197fa869-c124-436e-b3cd-bced95f52a8e___RS_Erly.B 7834.JPG,lesion_proxy,S,2573,83.30781189273222,80.0,24.688893740856063,53.0,80.0,116.0
tomato_early_blight,197fa869-c124-436e-b3cd-bced95f52a8e___RS_Erly.B 7834.JPG,lesion_proxy,V,2573,106.78740769529732,111.0,28.577797703353152,68.0,111.0,139.0
tomato_early_blight,1e02dbef-ecc2-4c1b-ae5a-b90057505574___RS_Erly.B 9475.JPG,leaf,H,27682,56.19142403005563,53.0,14.191684037460627,41.0,53.0,76.0
tomato_early_blight,1e02dbef-ecc2-4c1b-ae5a-b90057505574___RS_Erly.B 9475.JPG,leaf,S,27682,111.96582616862943,108.0,37.04122428449566,70.0,108.0,162.0
tomato_early_blight,1e02dbef-ecc2-4c1b-ae5a-b90057505574___RS_Erly.B 9475.JPG,leaf,V,27682,72.14240300556318,72.0,19.488655578087332,46.0,72.0,98.0
tomato_early_blight,1e02dbef-ecc2-4c1b-ae5a-b90057505574___RS_Erly.B 9475.JPG,lesion_proxy,H,1375,45.295272727272724,45.0,29.1976601711691,18.0,45.0,59.0
tomato_early_blight,1e02dbef-ecc2-4c1b-ae5a-b90057505574___RS_Erly.B 9475.JPG,lesion_proxy,S,1375,111.34109090909091,113.0,64.57733364446149,29.0,113.0,201.0
tomato_early_blight,1e02dbef-ecc2-4c1b-ae5a-b90057505574___RS_Erly.B 9475.JPG,lesion_proxy,V,1375,51.29454545454546,39.0,22.388531302528477,33.0,39.0,90.0
tomato_early_blight,240300f1-a601-4363-84e8-670af8a124a1___RS_Erly.B 7762.JPG,leaf,H,22434,50.232593385040566,51.0,7.000071089811008,42.0,51.0,58.0
tomato_early_blight,240300f1-a601-4363-84e8-670af8a124a1___RS_Erly.B 7762.JPG,leaf,S,22434,95.4979049656771,84.0,39.41203468829133,55.0,84.0,157.0
tomato_early_blight,240300f1-a601-4363-84e8-670af8a124a1___RS_Erly.B 7762.JPG,leaf,V,22434,113.10706962645983,117.0,33.83055571373354,64.0,117.0,155.0
tomato_early_blight,240300f1-a601-4363-84e8-670af8a124a1___RS_Erly.B 7762.JPG,lesion_proxy,H,609,43.09688013136289,46.0,20.13441221210211,23.0,46.0,48.0
tomato_early_blight,240300f1-a601-4363-84e8-670af8a124a1___RS_Erly.B 7762.JPG,lesion_proxy,S,609,164.6584564860427,180.0,48.33872274378979,78.0,180.0,209.0
tomato_early_blight,240300f1-a601-4363-84e8-670af8a124a1___RS_Erly.B 7762.JPG,lesion_proxy,V,609,42.8752052545156,36.0,19.448914837092197,28.0,36.0,77.0
tomato_early_blight,250df77c-cb57-4e85-9cf2-531033930030___RS_Erly.B 6477.JPG,leaf,H,19955,56.57288900025056,60.0,12.846417989914265,38.0,60.0,71.0
tomato_early_blight,250df77c-cb57-4e85-9cf2-531033930030___RS_Erly.B 6477.JPG,leaf,S,19955,122.11480831871711,122.0,35.50554247842352,82.0,122.0,165.0
tomato_early_blight,250df77c-cb57-4e85-9cf2-531033930030___RS_Erly.B 6477.JPG,leaf,V,19955,93.1185166624906,92.0,18.054982575322516,72.0,92.0,117.0
tomato_early_blight,250df77c-cb57-4e85-9cf2-531033930030___RS_Erly.B 6477.JPG,lesion_proxy,H,699,36.663805436337626,33.0,23.857468824435802,20.799999999999997,33.0,60.0
tomato_early_blight,250df77c-cb57-4e85-9cf2-531033930030___RS_Erly.B 6477.JPG,lesion_proxy,S,699,102.2346208869814,100.0,71.95605003165566,15.799999999999997,100.0,202.0
tomato_early_blight,250df77c-cb57-4e85-9cf2-531033930030___RS_Erly.B 6477.JPG,lesion_proxy,V,699,79.32331902718168,76.0,28.666673235015807,45.0,76.0,122.20000000000005
tomato_early_blight,2998c7f2-9f4f-4734-aa39-403dd7211869___RS_Erly.B 7528.JPG,leaf,H,26213,68.86178613664976,72.0,13.500247261495167,49.0,72.0,83.0
tomato_early_blight,2998c7f2-9f4f-4734-aa39-403dd7211869___RS_Erly.B 7528.JPG,leaf,S,26213,74.47884637393659,72.0,23.678388108476614,51.0,72.0,96.0
tomato_early_blight,2998c7f2-9f4f-4734-aa39-403dd7211869___RS_Erly.B 7528.JPG,leaf,V,26213,76.53450577957501,73.0,21.943418184727197,52.0,73.0,107.0
tomato_early_blight,2998c7f2-9f4f-4734-aa39-403dd7211869___RS_Erly.B 7528.JPG,lesion_proxy,H,1378,67.57910014513789,79.0,26.30630498966225,30.0,79.0,88.0
tomato_early_blight,2998c7f2-9f4f-4734-aa39-403dd7211869___RS_Erly.B 7528.JPG,lesion_proxy,S,1378,65.1799709724238,59.0,44.38039296282443,20.0,59.0,141.29999999999995
tomato_early_blight,2998c7f2-9f4f-4734-aa39-403dd7211869___RS_Erly.B 7528.JPG,lesion_proxy,V,1378,84.01523947750363,82.0,32.583093285454055,38.0,82.0,128.0
tomato_early_blight,2d3d1221-2f62-43ad-8256-b560c1872934___RS_Erly.B 7465.JPG,leaf,H,16249,54.370545879746444,52.0,11.98148699976188,40.0,52.0,74.0
tomato_early_blight,2d3d1221-2f62-43ad-8256-b560c1872934___RS_Erly.B 7465.JPG,leaf,S,16249,121.44464274724598,106.0,49.30842822463839,69.0,106.0,202.0
tomato_early_blight,2d3d1221-2f62-43ad-8256-b560c1872934___RS_Erly.B 7465.JPG,leaf,V,16249,74.55991137916179,71.0,24.196596584019044,46.0,71.0,107.0
tomato_early_blight,2d3d1221-2f62-43ad-8256-b560c1872934___RS_Erly.B 7465.JPG,lesion_proxy,H,434,41.47926267281106,47.0,13.716208025179158,20.0,47.0,51.0
tomato_early_blight,2d3d1221-2f62-43ad-8256-b560c1872934___RS_Erly.B 7465.JPG,lesion_proxy,S,434,150.15898617511522,170.0,52.35482517197271,75.30000000000001,170.0,203.0
tomato_early_blight,2d3d1221-2f62-43ad-8256-b560c1872934___RS_Erly.B 7465.JPG,lesion_proxy,V,434,47.37327188940092,39.0,18.681142686134503,35.0,39.0,70.69999999999999
tomato_early_blight,2f3c483a-b18d-4571-8c00-fb24f166d328___RS_Erly.B 7667.JPG,leaf,H,18330,65.98063284233497,69.0,11.128354265865806,49.0,69.0,77.0
tomato_early_blight,2f3c483a-b18d-4571-8c00-fb24f166d328___RS_Erly.B 7667.JPG,leaf,S,18330,65.52798690671031,67.0,16.819548907801085,42.0,67.0,85.0
tomato_early_blight,2f3c483a-b18d-4571-8c00-fb24f166d328___RS_Erly.B 7667.JPG,leaf,V,18330,76.1506819421713,76.0,17.286283372218676,54.0,76.0,98.0
tomato_early_blight,2f3c483a-b18d-4571-8c00-fb24f166d328___RS_Erly.B 7667.JPG,lesion_proxy,H,599,45.36560934891486,45.0,15.901351332868904,24.800000000000004,45.0,66.0
tomato_early_blight,2f3c483a-b18d-4571-8c00-fb24f166d328___RS_Erly.B 7667.JPG,lesion_proxy,S,599,41.65943238731219,29.0,27.050639589148155,15.0,29.0,85.0
tomato_early_blight,2f3c483a-b18d-4571-8c00-fb24f166d328___RS_Erly.B 7667.JPG,lesion_proxy,V,599,60.08347245409015,59.0,21.449316210670553,34.0,59.0,91.0
tomato_early_blight,38b7f839-7d01-4062-a858-a64b841b7996___RS_Erly.B 7390.JPG,leaf,H,21258,52.67837990403613,54.0,12.600280009873313,38.0,54.0,68.0
tomato_early_blight,38b7f839-7d01-4062-a858-a64b841b7996___RS_Erly.B 7390.JPG,leaf,S,21258,97.63928873835732,91.0,29.600887399867194,67.0,91.0,141.0
tomato_early_blight,38b7f839-7d01-4062-a858-a64b841b7996___RS_Erly.B 7390.JPG,leaf,V,21258,93.22861981371719,93.0,20.88082580811615,67.0,93.0,120.0
tomato_early_blight,38b7f839-7d01-4062-a858-a64b841b7996___RS_Erly.B 7390.JPG,lesion_proxy,H,1038,24.50674373795761,21.5,21.31906102528534,11.0,21.5,34.0
tomato_early_blight,38b7f839-7d01-4062-a858-a64b841b7996___RS_Erly.B 7390.JPG,lesion_proxy,S,1038,61.73988439306358,57.0,21.710606892125334,38.0,57.0,91.0
tomato_early_blight,38b7f839-7d01-4062-a858-a64b841b7996___RS_Erly.B 7390.JPG,lesion_proxy,V,1038,82.8121387283237,87.0,19.052264771439226,57.0,87.0,104.0
tomato_early_blight,394ebb8a-49b8-4122-bd81-f3c862491db9___RS_Erly.B 7513.JPG,leaf,H,14061,70.24692411635019,73.0,13.390367701900269,55.0,73.0,84.0
tomato_early_blight,394ebb8a-49b8-4122-bd81-f3c862491db9___RS_Erly.B 7513.JPG,leaf,S,14061,106.68821563188962,112.0,26.123229028889703,70.0,112.0,135.0
tomato_early_blight,394ebb8a-49b8-4122-bd81-f3c862491db9___RS_Erly.B 7513.JPG,leaf,V,14061,78.82853282127871,75.0,28.714451178230323,45.0,75.0,118.0
tomato_early_blight,394ebb8a-49b8-4122-bd81-f3c862491db9___RS_Erly.B 7513.JPG,lesion_proxy,H,1349,56.00889547813195,56.0,26.807081884836478,19.0,56.0,88.0
tomato_early_blight,394ebb8a-49b8-4122-bd81-f3c862491db9___RS_Erly.B 7513.JPG,lesion_proxy,S,1349,110.86656782802076,123.0,39.89470929406928,37.80000000000001,123.0,150.0
tomato_early_blight,394ebb8a-49b8-4122-bd81-f3c862491db9___RS_Erly.B 7513.JPG,lesion_proxy,V,1349,53.713862120088955,37.0,32.2736808406244,29.0,37.0,97.0
tomato_early_blight,3b3193c5-e717-4b40-b450-7ee5c6e22d1a___RS_Erly.B 9382.JPG,leaf,H,27843,53.44905362209532,54.0,8.858771890354904,43.0,54.0,64.0
tomato_early_blight,3b3193c5-e717-4b40-b450-7ee5c6e22d1a___RS_Erly.B 9382.JPG,leaf,S,27843,88.40505692633695,82.0,31.391796365792644,54.0,82.0,131.0
tomato_early_blight,3b3193c5-e717-4b40-b450-7ee5c6e22d1a___RS_Erly.B 9382.JPG,leaf,V,27843,94.36616025571956,97.0,23.24847551032799,62.0,97.0,122.0
tomato_early_blight,3b3193c5-e717-4b40-b450-7ee5c6e22d1a___RS_Erly.B 9382.JPG,lesion_proxy,H,918,37.191721132897605,34.0,21.95624131693649,16.0,34.0,56.0
tomato_early_blight,3b3193c5-e717-4b40-b450-7ee5c6e22d1a___RS_Erly.B 9382.JPG,lesion_proxy,S,918,103.45424836601308,103.0,51.57528898630722,44.7,103.0,173.0
tomato_early_blight,3b3193c5-e717-4b40-b450-7ee5c6e22d1a___RS_Erly.B 9382.JPG,lesion_proxy,V,918,64.36274509803921,50.0,33.43260065212126,31.0,50.0,110.0
tomato_early_blight,3be94535-c405-4f67-99cb-6ffc5f596639___RS_Erly.B 7783.JPG,leaf,H,12745,42.22730482542173,43.0,4.027158663183092,37.0,43.0,47.0
tomato_early_blight,3be94535-c405-4f67-99cb-6ffc5f596639___RS_Erly.B 7783.JPG,leaf,S,12745,110.4518634758729,108.0,25.734819813304696,82.0,108.0,143.0
tomato_early_blight,3be94535-c405-4f67-99cb-6ffc5f596639___RS_Erly.B 7783.JPG,leaf,V,12745,114.4518634758729,119.0,30.785070638297686,70.0,119.0,150.0
tomato_early_blight,3be94535-c405-4f67-99cb-6ffc5f596639___RS_Erly.B 7783.JPG,lesion_proxy,H,303,36.775577557755774,34.0,7.749957792694051,27.200000000000003,34.0,47.0
tomato_early_blight,3be94535-c405-4f67-99cb-6ffc5f596639___RS_Erly.B 7783.JPG,lesion_proxy,S,303,121.6996699669967,106.0,50.17723274912363,65.0,106.0,189.0
tomato_early_blight,3be94535-c405-4f67-99cb-6ffc5f596639___RS_Erly.B 7783.JPG,lesion_proxy,V,303,76.33663366336634,80.0,42.15708731767438,29.0,80.0,132.8
tomato_early_blight,420da335-510d-4e55-ac9c-2cad3530ad68___RS_Erly.B 8442.JPG,leaf,H,1103,38.63553943789665,38.0,3.165356279373811,35.0,38.0,44.0
tomato_early_blight,420da335-510d-4e55-ac9c-2cad3530ad68___RS_Erly.B 8442.JPG,leaf,S,1103,124.50589301903898,126.0,22.83560452041222,92.0,126.0,152.0
tomato_early_blight,420da335-510d-4e55-ac9c-2cad3530ad68___RS_Erly.B 8442.JPG,leaf,V,1103,98.47053490480508,99.0,16.755313155360156,76.0,99.0,122.0
tomato_early_blight,45d27217-fbb3-4b74-93e7-d84f70b784f8___RS_Erly.B 7713.JPG,leaf,H,28988,46.97540361528908,48.0,6.058752473605318,40.0,48.0,54.0
tomato_early_blight,45d27217-fbb3-4b74-93e7-d84f70b784f8___RS_Erly.B 7713.JPG,leaf,S,28988,91.64574996550297,75.0,48.9177376147555,44.0,75.0,177.0
tomato_early_blight,45d27217-fbb3-4b74-93e7-d84f70b784f8___RS_Erly.B 7713.JPG,leaf,V,28988,132.13222712846695,148.0,47.935115440642605,48.0,148.0,183.0
tomato_early_blight,45d27217-fbb3-4b74-93e7-d84f70b784f8___RS_Erly.B 7713.JPG,lesion_proxy,H,2359,39.061042814752014,43.0,9.923856138570336,24.0,43.0,50.0
tomato_early_blight,45d27217-fbb3-4b74-93e7-d84f70b784f8___RS_Erly.B 7713.JPG,lesion_proxy,S,2359,160.96693514200933,168.0,41.657363261752536,102.80000000000001,168.0,207.0
tomato_early_blight,45d27217-fbb3-4b74-93e7-d84f70b784f8___RS_Erly.B 7713.JPG,lesion_proxy,V,2359,50.838066977532854,37.0,39.764088881238976,30.0,37.0,104.20000000000027
tomato_early_blight,468a0f48-b0c4-4969-9f21-826cb3ae3f61___RS_Erly.B 7725.JPG,leaf,H,13869,51.54315379623621,51.0,6.1299376377387675,44.0,51.0,60.0
tomato_early_blight,468a0f48-b0c4-4969-9f21-826cb3ae3f61___RS_Erly.B 7725.JPG,leaf,S,13869,74.00757084144495,65.0,31.964733573862684,42.0,65.0,122.0
tomato_early_blight,468a0f48-b0c4-4969-9f21-826cb3ae3f61___RS_Erly.B 7725.JPG,leaf,V,13869,99.10137717211046,101.0,32.13234837251707,54.0,101.0,141.0
tomato_early_blight,468a0f48-b0c4-4969-9f21-826cb3ae3f61___RS_Erly.B 7725.JPG,lesion_proxy,H,453,50.205298013245034,51.0,9.849183613232643,33.2,51.0,60.0
tomato_early_blight,468a0f48-b0c4-4969-9f21-826cb3ae3f61___RS_Erly.B 7725.JPG,lesion_proxy,S,453,104.75717439293598,113.0,44.20015904956807,29.0,113.0,155.8
tomato_early_blight,468a0f48-b0c4-4969-9f21-826cb3ae3f61___RS_Erly.B 7725.JPG,lesion_proxy,V,453,54.11699779249448,35.0,42.4099305063836,25.0,35.0,131.8
tomato_early_blight,493f53cc-b8d5-4c71-9446-30f0365f1e4b___RS_Erly.B 7583.JPG,leaf,H,27962,66.29286174093413,69.0,13.75309363043584,48.0,69.0,82.0
tomato_early_blight,493f53cc-b8d5-4c71-9446-30f0365f1e4b___RS_Erly.B 7583.JPG,leaf,S,27962,88.01004935269295,82.0,33.65473674246511,56.0,82.0,138.0
tomato_early_blight,493f53cc-b8d5-4c71-9446-30f0365f1e4b___RS_Erly.B 7583.JPG,leaf,V,27962,68.36792790215293,67.0,18.004589729619006,46.0,67.0,93.0
tomato_early_blight,493f53cc-b8d5-4c71-9446-30f0365f1e4b___RS_Erly.B 7583.JPG,lesion_proxy,H,1871,71.35008017103154,86.0,25.5894246083037,30.0,86.0,90.0
tomato_early_blight,493f53cc-b8d5-4c71-9446-30f0365f1e4b___RS_Erly.B 7583.JPG,lesion_proxy,S,1871,72.92944949225013,74.0,31.90891539248617,24.0,74.0,110.0
tomato_early_blight,493f53cc-b8d5-4c71-9446-30f0365f1e4b___RS_Erly.B 7583.JPG,lesion_proxy,V,1871,63.90753607696419,65.0,19.683261611728447,37.0,65.0,88.0
tomato_early_blight,4a352896-5a0f-4e42-aba1-f06045d5b531___RS_Erly.B 7765.JPG,leaf,H,17327,53.58255901194667,54.0,9.13618216285157,43.0,54.0,64.0
tomato_early_blight,4a352896-5a0f-4e42-aba1-f06045d5b531___RS_Erly.B 7765.JPG,leaf,S,17327,90.66999480579443,76.0,44.64524952304408,51.0,76.0,152.0
tomato_early_blight,4a352896-5a0f-4e42-aba1-f06045d5b531___RS_Erly.B 7765.JPG,leaf,V,17327,95.1415709586195,100.0,27.345547021552132,53.0,100.0,127.0
tomato_early_blight,4a352896-5a0f-4e42-aba1-f06045d5b531___RS_Erly.B 7765.JPG,lesion_proxy,H,247,48.417004048582996,45.0,35.57008526730095,20.0,45.0,58.0
tomato_early_blight,4a352896-5a0f-4e42-aba1-f06045d5b531___RS_Erly.B 7765.JPG,lesion_proxy,S,247,110.8663967611336,113.0,80.03310527305716,17.0,113.0,221.4
tomato_early_blight,4a352896-5a0f-4e42-aba1-f06045d5b531___RS_Erly.B 7765.JPG,lesion_proxy,V,247,71.48987854251013,39.0,39.36622016740557,35.0,39.0,128.4
tomato_late_blight,005e3b43-9050-47da-9498-f9ecdcc703b3___RS_Late.B 5104.JPG,leaf,H,27876,52.895465633519876,54.0,7.800881939554749,42.0,54.0,63.0
tomato_late_blight,005e3b43-9050-47da-9498-f9ecdcc703b3___RS_Late.B 5104.JPG,leaf,S,27876,89.46140048787487,88.0,24.80718691639609,60.0,88.0,121.0
tomato_late_blight,005e3b43-9050-47da-9498-f9ecdcc703b3___RS_Late.B 5104.JPG,leaf,V,27876,103.65963552877027,107.0,21.460553084918626,74.0,107.0,128.0
tomato_late_blight,005e3b43-9050-47da-9498-f9ecdcc703b3___RS_Late.B 5104.JPG,lesion_proxy,H,413,33.82566585956417,32.0,9.33107074323342,24.0,32.0,51.0
tomato_late_blight,005e3b43-9050-47da-9498-f9ecdcc703b3___RS_Late.B 5104.JPG,lesion_proxy,S,413,87.92978208232445,81.0,32.82269351957382,58.2,81.0,134.0
tomato_late_blight,005e3b43-9050-47da-9498-f9ecdcc703b3___RS_Late.B 5104.JPG,lesion_proxy,V,413,77.57142857142857,82.0,25.45561312095118,37.0,82.0,103.0
tomato_late_blight,00ce4c63-9913-4b16-898c-29f99acf0dc3___RS_Late.B 4982.JPG,leaf,H,22497,50.004044983775614,50.0,5.418998384437019,45.0,50.0,57.0
tomato_late_blight,00ce4c63-9913-4b16-898c-29f99acf0dc3___RS_Late.B 4982.JPG,leaf,S,22497,109.59319020313819,102.0,41.087236926029995,63.0,102.0,168.0
tomato_late_blight,00ce4c63-9913-4b16-898c-29f99acf0dc3___RS_Late.B 4982.JPG,leaf,V,22497,136.2431435302485,139.0,30.900441217052595,96.0,139.0,174.0
tomato_late_blight,00ce4c63-9913-4b16-898c-29f99acf0dc3___RS_Late.B 4982.JPG,lesion_proxy,H,103,28.59223300970874,28.0,7.131819704340614,22.0,28.0,34.0
tomato_late_blight,00ce4c63-9913-4b16-898c-29f99acf0dc3___RS_Late.B 4982.JPG,lesion_proxy,S,103,77.23300970873787,82.0,31.706237750652104,29.0,82.0,114.6
tomato_late_blight,00ce4c63-9913-4b16-898c-29f99acf0dc3___RS_Late.B 4982.JPG,lesion_proxy,V,103,125.20388349514563,125.0,29.409515408604594,94.0,125.0,159.6
tomato_late_blight,021a9808-21f7-464a-8df2-2eda5ed98eda___RS_Late.B 5356.JPG,leaf,H,17774,43.893271070102394,44.0,4.821434685912026,38.0,44.0,51.0
tomato_late_blight,021a9808-21f7-464a-8df2-2eda5ed98eda___RS_Late.B 5356.JPG,leaf,S,17774,110.93580510858557,107.0,32.0027107915869,73.0,107.0,156.0
tomato_late_blight,021a9808-21f7-464a-8df2-2eda5ed98eda___RS_Late.B 5356.JPG,leaf,V,17774,103.61544953302577,107.0,26.991499561630043,66.0,107.0,137.0
tomato_late_blight,021a9808-21f7-464a-8df2-2eda5ed98eda___RS_Late.B 5356.JPG,lesion_proxy,H,290,34.51379310344828,34.0,4.246071136371228,31.0,34.0,43.0
tomato_late_blight,021a9808-21f7-464a-8df2-2eda5ed98eda___RS_Late.B 5356.JPG,lesion_proxy,S,290,111.7448275862069,99.0,44.072398009974265,67.0,99.0,186.30000000000007
tomato_late_blight,021a9808-21f7-464a-8df2-2eda5ed98eda___RS_Late.B 5356.JPG,lesion_proxy,V,290,86.49310344827586,93.0,35.274318400848955,36.0,93.0,128.0
tomato_late_blight,081d1e25-3f06-46a1-95ef-d10a62faa80f___GHLB2 Leaf 8600.JPG,leaf,H,14115,44.65618136733971,46.0,5.292054532441275,37.0,46.0,50.0
tomato_late_blight,081d1e25-3f06-46a1-95ef-d10a62faa80f___GHLB2 Leaf 8600.JPG,leaf,S,14115,122.30180658873539,129.0,30.404278349794822,80.0,129.0,155.0
tomato_late_blight,081d1e25-3f06-46a1-95ef-d10a62faa80f___GHLB2 Leaf 8600.JPG,leaf,V,14115,134.96684378320936,135.0,23.923988857513887,105.0,135.0,164.0
tomato_late_blight,081d1e25-3f06-46a1-95ef-d10a62faa80f___GHLB2 Leaf 8600.JPG,lesion_proxy,H,430,32.06511627906977,32.0,5.289343552751827,29.0,32.0,34.0
tomato_late_blight,081d1e25-3f06-46a1-95ef-d10a62faa80f___GHLB2 Leaf 8600.JPG,lesion_proxy,S,430,98.4046511627907,98.0,19.66626143505168,78.9,98.0,118.0
tomato_late_blight,081d1e25-3f06-46a1-95ef-d10a62faa80f___GHLB2 Leaf 8600.JPG,lesion_proxy,V,430,117.86511627906977,118.0,20.97929082669694,91.0,118.0,144.10000000000002
tomato_late_blight,0a6203b9-ced0-4934-ae23-4a7d2e2e2fdd___RS_Late.B 6424.JPG,leaf,H,7924,41.531423523472995,41.0,4.011926558724825,36.0,41.0,47.0
tomato_late_blight,0a6203b9-ced0-4934-ae23-4a7d2e2e2fdd___RS_Late.B 6424.JPG,leaf,S,7924,114.79984856133267,111.0,28.496921377461458,84.0,111.0,158.0
tomato_late_blight,0a6203b9-ced0-4934-ae23-4a7d2e2e2fdd___RS_Late.B 6424.JPG,leaf,V,7924,142.79391721352852,147.0,30.97072934359011,100.0,147.0,178.0
tomato_late_blight,0a6203b9-ced0-4934-ae23-4a7d2e2e2fdd___RS_Late.B 6424.JPG,lesion_proxy,H,26,35.84615384615385,34.0,5.1342912602969975,34.0,34.0,37.5
tomato_late_blight,0a6203b9-ced0-4934-ae23-4a7d2e2e2fdd___RS_Late.B 6424.JPG,lesion_proxy,S,26,141.80769230769232,125.5,52.82264901082404,107.0,125.5,221.5
tomato_late_blight,0a6203b9-ced0-4934-ae23-4a7d2e2e2fdd___RS_Late.B 6424.JPG,lesion_proxy,V,26,105.11538461538461,118.0,50.18835822952518,33.0,118.0,158.0
tomato_late_blight,0c9ff8e1-b610-43e3-b914-5e9576dd8083___GHLB2 Leaf 107.1.JPG,leaf,H,15511,39.74128038166462,40.0,3.9492848908335985,35.0,40.0,45.0
tomato_late_blight,0c9ff8e1-b610-43e3-b914-5e9576dd8083___GHLB2 Leaf 107.1.JPG,leaf,S,15511,102.25478692540777,96.0,41.85039951767764,54.0,96.0,160.0
tomato_late_blight,0c9ff8e1-b610-43e3-b914-5e9576dd8083___GHLB2 Leaf 107.1.JPG,leaf,V,15511,148.91966991167558,149.0,40.181417546915306,100.0,149.0,201.0
tomato_late_blight,0c9ff8e1-b610-43e3-b914-5e9576dd8083___GHLB2 Leaf 107.1.JPG,lesion_proxy,H,927,32.883495145631066,33.0,5.957365377345002,27.0,33.0,34.0
tomato_late_blight,0c9ff8e1-b610-43e3-b914-5e9576dd8083___GHLB2 Leaf 107.1.JPG,lesion_proxy,S,927,74.39913700107874,70.0,30.205915380245923,46.0,70.0,109.0
tomato_late_blight,0c9ff8e1-b610-43e3-b914-5e9576dd8083___GHLB2 Leaf 107.1.JPG,lesion_proxy,V,927,154.94390507011866,153.0,33.45419968965873,116.0,153.0,192.0
tomato_late_blight,100a5029-a6c0-4a07-a40a-f27d6d44cdc9___GHLB2 Leaf 9002.JPG,leaf,H,11421,43.63269415988092,44.0,4.765108203891108,36.0,44.0,50.0
tomato_late_blight,100a5029-a6c0-4a07-a40a-f27d6d44cdc9___GHLB2 Leaf 9002.JPG,leaf,S,11421,117.93546974870851,117.0,28.31100410506614,81.0,117.0,152.0
tomato_late_blight,100a5029-a6c0-4a07-a40a-f27d6d44cdc9___GHLB2 Leaf 9002.JPG,leaf,V,11421,146.2551440329218,148.0,21.1454502983613,119.0,148.0,172.0
tomato_late_blight,100a5029-a6c0-4a07-a40a-f27d6d44cdc9___GHLB2 Leaf 9002.JPG,lesion_proxy,H,164,33.50609756097561,34.0,2.7662974974034142,32.0,34.0,34.0
tomato_late_blight,100a5029-a6c0-4a07-a40a-f27d6d44cdc9___GHLB2 Leaf 9002.JPG,lesion_proxy,S,164,117.28658536585365,119.0,33.98991336104717,76.2,119.0,155.70000000000002
tomato_late_blight,100a5029-a6c0-4a07-a40a-f27d6d44cdc9___GHLB2 Leaf 9002.JPG,lesion_proxy,V,164,136.90853658536585,139.0,16.3478998518383,116.3,139.0,153.0
tomato_late_blight,117a7f38-eaa6-4f88-b892-33e2a66d77d5___RS_Late.B 5129.JPG,leaf,H,18711,53.854203409758966,56.0,6.484608330767072,44.0,56.0,60.0
tomato_late_blight,117a7f38-eaa6-4f88-b892-33e2a66d77d5___RS_Late.B 5129.JPG,leaf,S,18711,96.37673026561916,96.0,22.106651652026603,70.0,96.0,121.0
tomato_late_blight,117a7f38-eaa6-4f88-b892-33e2a66d77d5___RS_Late.B 5129.JPG,leaf,V,18711,85.99054032387366,85.0,19.249839510553052,62.0,85.0,112.0
tomato_late_blight,117a7f38-eaa6-4f88-b892-33e2a66d77d5___RS_Late.B 5129.JPG,lesion_proxy,H,79,40.67088607594937,42.0,7.618633916862865,30.8,42.0,49.0
tomato_late_blight,117a7f38-eaa6-4f88-b892-33e2a66d77d5___RS_Late.B 5129.JPG,lesion_proxy,S,79,131.86075949367088,135.0,55.608198598065584,63.8,135.0,209.0
tomato_late_blight,117a7f38-eaa6-4f88-b892-33e2a66d77d5___RS_Late.B 5129.JPG,lesion_proxy,V,79,60.063291139240505,39.0,35.90505827068892,29.0,39.0,109.4
tomato_late_blight,1627cb48-dc80-46a1-bda0-b677c32fbf56___RS_Late.B 5066.JPG,leaf,H,16248,61.24846134908912,63.0,8.76582047851786,48.0,63.0,70.0
tomato_late_blight,1627cb48-dc80-46a1-bda0-b677c32fbf56___RS_Late.B 5066.JPG,leaf,S,16248,104.16832840965041,102.0,33.76217673528987,63.0,102.0,143.0
tomato_late_blight,1627cb48-dc80-46a1-bda0-b677c32fbf56___RS_Late.B 5066.JPG,leaf,V,16248,94.9233751846381,98.0,21.477756923692468,63.0,98.0,121.0
tomato_late_blight,1627cb48-dc80-46a1-bda0-b677c32fbf56___RS_Late.B 5066.JPG,lesion_proxy,H,49,44.795918367346935,43.0,10.84582039658452,33.8,43.0,57.0
tomato_late_blight,1627cb48-dc80-46a1-bda0-b677c32fbf56___RS_Late.B 5066.JPG,lesion_proxy,S,49,62.265306122448976,28.0,66.83997811105178,25.0,28.0,214.2
tomato_late_blight,1627cb48-dc80-46a1-bda0-b677c32fbf56___RS_Late.B 5066.JPG,lesion_proxy,V,49,89.93877551020408,104.0,34.37453267260238,37.8,104.0,123.2
tomato_late_blight,16a3a1a3-3e8b-4192-999d-2728df11549d___RS_Late.B 4983.JPG,leaf,H,21767,50.66743235172509,50.0,4.657574534222261,46.0,50.0,56.0
tomato_late_blight,16a3a1a3-3e8b-4192-999d-2728df11549d___RS_Late.B 4983.JPG,leaf,S,21767,98.51408094822438,91.0,31.881206543147357,64.0,91.0,146.0
tomato_late_blight,16a3a1a3-3e8b-4192-999d-2728df11549d___RS_Late.B 4983.JPG,leaf,V,21767,91.4623512656774,93.0,26.288240175047818,53.0,93.0,125.0
tomato_late_blight,16a3a1a3-3e8b-4192-999d-2728df11549d___RS_Late.B 4983.JPG,lesion_proxy,H,455,47.032967032967036,48.0,6.289797336748992,43.0,48.0,52.0
tomato_late_blight,16a3a1a3-3e8b-4192-999d-2728df11549d___RS_Late.B 4983.JPG,lesion_proxy,S,455,162.44835164835166,173.0,44.07123445144401,118.20000000000002,173.0,201.0
tomato_late_blight,16a3a1a3-3e8b-4192-999d-2728df11549d___RS_Late.B 4983.JPG,lesion_proxy,V,455,43.63296703296703,36.0,27.34162006721643,30.0,36.0,39.0
tomato_late_blight,1c74783c-7863-4b1b-bf1a-6b3ef55b34b8___RS_Late.B 7094.JPG,leaf,H,27082,49.364744110479286,50.0,6.604840806297582,41.0,50.0,56.0
tomato_late_blight,1c74783c-7863-4b1b-bf1a-6b3ef55b34b8___RS_Late.B 7094.JPG,leaf,S,27082,80.63499741525736,77.0,24.65157311842941,54.0,77.0,111.0
tomato_late_blight,1c74783c-7863-4b1b-bf1a-6b3ef55b34b8___RS_Late.B 7094.JPG,leaf,V,27082,138.42928882652686,144.0,25.780452891245037,106.0,144.0,165.0
tomato_late_blight,1c74783c-7863-4b1b-bf1a-6b3ef55b34b8___RS_Late.B 7094.JPG,lesion_proxy,H,609,27.310344827586206,28.0,6.172711920954246,18.0,28.0,34.0
tomato_late_blight,1c74783c-7863-4b1b-bf1a-6b3ef55b34b8___RS_Late.B 7094.JPG,lesion_proxy,S,609,64.28899835796388,62.0,13.118954079482494,49.0,62.0,84.0
tomato_late_blight,1c74783c-7863-4b1b-bf1a-6b3ef55b34b8___RS_Late.B 7094.JPG,lesion_proxy,V,609,126.99835796387521,129.0,19.199967431125046,101.80000000000001,129.0,149.0
tomato_late_blight,1d6d043a-9df9-49ec-9b0f-e40a8e7f409f___RS_Late.B 5287.JPG,leaf,H,1328,37.15060240963855,37.0,1.5638709691617672,35.0,37.0,39.0
tomato_late_blight,1d6d043a-9df9-49ec-9b0f-e40a8e7f409f___RS_Late.B 5287.JPG,leaf,S,1328,129.47063253012047,132.0,17.859029108107837,103.0,132.0,152.0
tomato_late_blight,1d6d043a-9df9-49ec-9b0f-e40a8e7f409f___RS_Late.B 5287.JPG,leaf,V,1328,127.84036144578313,131.0,18.586256027569643,101.0,131.0,149.0
tomato_late_blight,1ec9c019-1594-4916-a04c-65b87eceb8ca___RS_Late.B 6069.JPG,leaf,H,4634,38.351100561070346,38.0,2.6092759479640644,35.0,38.0,42.0
tomato_late_blight,1ec9c019-1594-4916-a04c-65b87eceb8ca___RS_Late.B 6069.JPG,leaf,S,4634,146.38498057833405,146.0,35.313941888775815,100.0,146.0,192.0
tomato_late_blight,1ec9c019-1594-4916-a04c-65b87eceb8ca___RS_Late.B 6069.JPG,leaf,V,4634,95.82844195079845,92.0,35.023029020823685,51.0,92.0,145.0
tomato_late_blight,1ec9c019-1594-4916-a04c-65b87eceb8ca___RS_Late.B 6069.JPG,lesion_proxy,H,77,37.285714285714285,37.0,3.306259874832254,34.0,37.0,42.0
tomato_late_blight,1ec9c019-1594-4916-a04c-65b87eceb8ca___RS_Late.B 6069.JPG,lesion_proxy,S,77,162.6103896103896,171.0,39.20480882383102,107.2,171.0,207.8
tomato_late_blight,1ec9c019-1594-4916-a04c-65b87eceb8ca___RS_Late.B 6069.JPG,lesion_proxy,V,77,59.38961038961039,39.0,37.49879854149991,34.0,39.0,134.0
tomato_late_blight,1f2dc4ae-5264-443a-a103-67fafb37bc70___GHLB_PS Leaf 26.1 Day 16.jpg,leaf,H,3856,44.89652489626556,45.0,8.015928667658029,35.0,45.0,55.0
tomato_late_blight,1f2dc4ae-5264-443a-a103-67fafb37bc70___GHLB_PS Leaf 26.1 Day 16.jpg,leaf,S,3856,116.32028008298755,118.0,31.386649174363654,72.5,118.0,157.0
tomato_late_blight,1f2dc4ae-5264-443a-a103-67fafb37bc70___GHLB_PS Leaf 26.1 Day 16.jpg,leaf,V,3856,84.03475103734439,84.0,24.605103876304685,51.0,84.0,117.0
tomato_late_blight,1f2dc4ae-5264-443a-a103-67fafb37bc70___GHLB_PS Leaf 26.1 Day 16.jpg,lesion_proxy,H,240,33.766666666666666,33.0,6.324203946391638,28.0,33.0,36.0
tomato_late_blight,1f2dc4ae-5264-443a-a103-67fafb37bc70___GHLB_PS Leaf 26.1 Day 16.jpg,lesion_proxy,S,240,122.99166666666666,120.5,19.519006051083192,101.9,120.5,149.0
tomato_late_blight,1f2dc4ae-5264-443a-a103-67fafb37bc70___GHLB_PS Leaf 26.1 Day 16.jpg,lesion_proxy,V,240,74.81666666666666,80.5,23.531533217271576,39.0,80.5,100.0
tomato_late_blight,21a75fcc-4cfa-4931-800d-7aefdea77df2___GHLB2 Leaf 8726.JPG,leaf,H,1522,44.66754270696452,45.0,5.217337959237088,37.0,45.0,51.0
tomato_late_blight,21a75fcc-4cfa-4931-800d-7aefdea77df2___GHLB2 Leaf 8726.JPG,leaf,S,1522,94.75952693823916,97.0,20.86370870450181,64.0,97.0,120.0
tomato_late_blight,21a75fcc-4cfa-4931-800d-7aefdea77df2___GHLB2 Leaf 8726.JPG,leaf,V,1522,117.73850197109067,118.0,19.272646521222597,91.0,118.0,143.0
tomato_late_blight,233f5fca-7077-4175-a29f-57f310ea7879___GHLB_PS Leaf 51 Day 18.jpg,leaf,H,10232,49.665559030492574,50.0,3.001132555999677,46.0,50.0,53.0
tomato_late_blight,233f5fca-7077-4175-a29f-57f310ea7879___GHLB_PS Leaf 51 Day 18.jpg,leaf,S,10232,103.56567630961689,102.0,23.816218467085093,76.0,102.0,135.0
tomato_late_blight,233f5fca-7077-4175-a29f-57f310ea7879___GHLB_PS Leaf 51 Day 18.jpg,leaf,V,10232,146.625,154.0,32.44523883055412,101.0,154.0,178.0
tomato_late_blight,233f5fca-7077-4175-a29f-57f310ea7879___GHLB_PS Leaf 51 Day 18.jpg,lesion_proxy,H,34,54.205882352941174,55.0,3.3146680409134923,51.0,55.0,57.0
tomato_late_blight,233f5fca-7077-4175-a29f-57f310ea7879___GHLB_PS Leaf 51 Day 18.jpg,lesion_proxy,S,34,119.20588235294117,123.0,34.70614406680983,78.0,123.0,168.8
tomato_late_blight,233f5fca-7077-4175-a29f-57f310ea7879___GHLB_PS Leaf 51 Day 18.jpg,lesion_proxy,V,34,25.61764705882353,25.5,8.980418914250745,13.9,25.5,36.7
tomato_late_blight,239111ba-7348-4075-bacb-e206d440ecc8___RS_Late.B 5389.JPG,leaf,H,6969,37.032142344669246,37.0,1.7990925836836555,35.0,37.0,39.0
tomato_late_blight,239111ba-7348-4075-bacb-e206d440ecc8___RS_Late.B 5389.JPG,leaf,S,6969,143.22227005309227,135.0,27.54024880091022,116.0,135.0,187.0
tomato_late_blight,239111ba-7348-4075-bacb-e206d440ecc8___RS_Late.B 5389.JPG,leaf,V,6969,100.72191132156694,106.0,19.778610599388518,71.0,106.0,122.0
tomato_late_blight,239111ba-7348-4075-bacb-e206d440ecc8___RS_Late.B 5389.JPG,lesion_proxy,H,71,33.91549295774648,34.0,0.27814672757931697,34.0,34.0,34.0
tomato_late_blight,239111ba-7348-4075-bacb-e206d440ecc8___RS_Late.B 5389.JPG,lesion_proxy,S,71,159.25352112676057,162.0,29.918536488769558,120.0,162.0,197.0
tomato_late_blight,239111ba-7348-4075-bacb-e206d440ecc8___RS_Late.B 5389.JPG,lesion_proxy,V,71,92.92957746478874,94.0,17.927336859213572,65.0,94.0,115.0
tomato_late_blight,250823af-1631-4050-928d-029101ddc744___RS_Late.B 6197.JPG,leaf,H,11861,47.43326869572549,47.0,4.6508154653889076,42.0,47.0,54.0
tomato_late_blight,250823af-1631-4050-928d-029101ddc744___RS_Late.B 6197.JPG,leaf,S,11861,95.32029339853301,89.0,41.365643344683185,44.0,89.0,154.0
tomato_late_blight,250823af-1631-4050-928d-029101ddc744___RS_Late.B 6197.JPG,leaf,V,11861,100.14147205126044,99.0,34.43573674867913,53.0,99.0,147.0
tomato_late_blight,250823af-1631-4050-928d-029101ddc744___RS_Late.B 6197.JPG,lesion_proxy,H,272,47.838235294117645,45.0,7.612123252761013,40.0,45.0,60.0
tomato_late_blight,250823af-1631-4050-928d-029101ddc744___RS_Late.B 6197.JPG,lesion_proxy,S,272,112.69852941176471,145.0,70.19503500258291,26.0,145.0,190.9
tomato_late_blight,250823af-1631-4050-928d-029101ddc744___RS_Late.B 6197.JPG,lesion_proxy,V,272,81.23897058823529,38.0,59.70076937231374,32.0,38.0,166.9
tomato_late_blight,25bb0739-cbd4-4e75-a6f4-67ca5cc7f986___GHLB2 Leaf 8789.JPG,leaf,H,19108,49.079966506175424,51.0,4.798983145263192,42.0,51.0,53.0
tomato_late_blight,25bb0739-cbd4-4e75-a6f4-67ca5cc7f986___GHLB2 Leaf 8789.JPG,leaf,S,19108,128.76727025329706,131.0,23.805877549109837,107.0,131.0,152.0
tomato_late_blight,25bb0739-cbd4-4e75-a6f4-67ca5cc7f986___GHLB2 Leaf 8789.JPG,leaf,V,19108,134.2508373456144,132.0,12.593457902612153,121.0,132.0,150.0
tomato_late_blight,25bb0739-cbd4-4e75-a6f4-67ca5cc7f986___GHLB2 Leaf 8789.JPG,lesion_proxy,H,120,32.5,33.0,13.82208377922808,30.0,33.0,34.0
tomato_late_blight,25bb0739-cbd4-4e75-a6f4-67ca5cc7f986___GHLB2 Leaf 8789.JPG,lesion_proxy,S,120,100.33333333333333,113.0,34.418341363613415,23.9,113.0,128.0
tomato_late_blight,25bb0739-cbd4-4e75-a6f4-67ca5cc7f986___GHLB2 Leaf 8789.JPG,lesion_proxy,V,120,140.64166666666668,143.0,21.434316657070166,101.9,143.0,165.40000000000003
